                                   MODFLOW 6
                U.S. GEOLOGICAL SURVEY MODULAR HYDROLOGIC MODEL
                          GROUNDWATER FLOW MODEL (GWF)
                            VERSION 6.7.0 02/05/2026

   MODFLOW 6 compiled Feb 05 2026 22:36:44 with Intel(R) Fortran Intel(R) 64
   Compiler Classic for applications running on Intel(R) 64, Version 2021.6.0
                             Build 20220226_000000

This software has been approved for release by the U.S. Geological 
Survey (USGS). Although the software has been subjected to rigorous 
review, the USGS reserves the right to update the software as needed 
pursuant to further analysis and review. No warranty, expressed or 
implied, is made by the USGS or the U.S. Government as to the 
functionality of the software and related material nor shall the 
fact of release constitute any such warranty. Furthermore, the 
software is released on condition that neither the USGS nor the U.S. 
Government shall be held liable for any damages resulting from its 
authorized or unauthorized use. Also refer to the USGS Water 
Resources Software User Rights Notice for complete use, copyright, 
and distribution information.


As a work of the United States Government, this USGS product is 
in the public domain within the United States. You can copy, 
modify, distribute, and perform the work, even for commercial 
purposes, all without asking permission. Additionally, USGS 
waives copyright and related rights in the work worldwide 
through CC0 1.0 Universal Public Domain Dedication 
(https://creativecommons.org/publicdomain/zero/1.0/).

The following GNU Lesser General Public License (LGPL) libraries
are used in this USGS product:

    SPARSKIT version 2.0
      ilut, luson, and qsplit 
      (https://www-users.cse.umn.edu/~saad/software/SPARSKIT/)

    RCM - Reverse Cuthill McKee Ordering
      (https://people.math.sc.edu/Burkardt/f_src/rcm/rcm.html)

    BLAS - Basic Linear Algebra Subprograms Level 1
      (https://people.math.sc.edu/Burkardt/f_src/blas1_d/blas1_d.html)

    SPARSEKIT - Sparse Matrix Utility Package
      amux, dperm, dvperm, rperm, and cperm
      (https://people.sc.fsu.edu/~jburkardt/f77_src/sparsekit/sparsekit.html)

The following BSD-3 License libraries are used in this USGS product:

    Modern Fortran DAG Library
      Copyright (c) 2018, Jacob Williams
      All rights reserved.
      (https://github.com/jacobwilliams/daglib)

MODFLOW 6 compiler options: /Isrc\libmf6_external.a.p /Isrc\libmf6core.a.p
/Isrc /I..\src /MT /nologo /warn:general /warn:truncated_source /stand:f18
/O2 /fpe:0 /heap-arrays:0 /traceback /fpp /Qdiag-disable:7416
/Qdiag-disable:7025 /Qdiag-disable:5268 /Qdiag-disable:10448
/Fdsrc\libmf6core.a.p\Utilities_compilerversion.F90.pdb
/module:src\libmf6core.a.p
/Fosrc/libmf6core.a.p/Utilities_compilerversion.F90.obj /c

System command used to initiate simulation:
C:\Users\SEAM94860\FLOPY\groundwater_modelling\mf6.exe

MODFLOW was compiled using uniform precision.

Real Variables
  KIND: 8
  TINY (smallest non-zero value):    2.225074-308
  HUGE (largest value):    1.797693+308
  PRECISION: 15
  SIZE IN BITS: 64

Integer Variables
  KIND: 4
  HUGE (largest value): 2147483647
  SIZE IN BITS: 32

Long Integer Variables
  KIND: 8
  HUGE (largest value): 9223372036854775807
  SIZE IN BITS: 64

Logical Variables
  KIND: 4
  SIZE IN BITS: 32
 
 NAMEFILE OPTIONS:
    FLOWS WILL BE SAVED TO BUDGET FILE SPECIFIED IN OUTPUT CONTROL
 END NAMEFILE OPTIONS:

 DIS -- STRUCTURED GRID DISCRETIZATION PACKAGE, VERSION 2 : 3/27/2014 - INPUT READ FROM MEMPATH: __INPUT__/WEBINAR/DIS                             


 NPF -- NODE PROPERTY FLOW PACKAGE, VERSION 1, 3/30/2015 INPUT READ FROM MEMPATH: __INPUT__/WEBINAR/NPF                             


 IC -- Initial Conditions Package, Version 8, 3/28/2015 input read from mempath: __INPUT__/WEBINAR/IC                              


 Setting Discretization Options
    Model length unit [0=UND, 1=FEET, 2=METERS, 3=CENTIMETERS] set as 2
 End Setting Discretization Options

 Setting Discretization Dimensions
    NLAY = 4
    NROW = 100
    NCOL = 100
 End Setting Discretization Dimensions

 Setting Discretization Griddata
    DELR set from input file
    DELC set from input file
    TOP set from input file
    BOTM set from input file
 End Setting Discretization Griddata

 Setting NPF Options
    Specific discharge will be calculated at cell centers and written to DATA-SPDIS in budget file when requested.
 End Setting NPF Options

 Setting NPF Griddata
    ICELLTYPE set from input file
    K set from input file
    K33 set from input file
    K22 not provided.  Setting K22 = K.
 End Setting NPF Griddata


 WEL -- WEL PACKAGE, VERSION 8, 2/22/2014 INPUT READ FROM MEMPATH: __INPUT__/WEBINAR/WEL_0                           

 PROCESSING WEL BASE OPTIONS
 END OF WEL BASE OPTIONS

 PROCESSING WEL OPTIONS
 END OF WEL OPTIONS

 PROCESSING WEL BASE DIMENSIONS
    MAXBOUND =       3
 END OF WEL BASE DIMENSIONS

 RCH -- RCH PACKAGE, VERSION 8, 2/22/2014 INPUT READ FROM MEMPATH: __INPUT__/WEBINAR/RCH                             

 PROCESSING RCH BASE OPTIONS
    PACKAGE INPUT WILL BE READ AS LAYER ARRAYS.
 END OF RCH BASE OPTIONS

 PROCESSING RCHA OPTIONS
 END OF RCHA OPTIONS

 CHD -- CHD PACKAGE, VERSION 8, 2/22/2014 INPUT READ FROM MEMPATH: __INPUT__/WEBINAR/CHD_0                           

 PROCESSING CHD BASE OPTIONS
 END OF CHD BASE OPTIONS

 PROCESSING CHD BASE DIMENSIONS
    MAXBOUND =     100
 END OF CHD BASE DIMENSIONS
    STRT set from input file
    BINARY GRID INFORMATION WILL BE WRITTEN TO:
      UNIT NUMBER: 1016
      FILE NAME: webinar.dis.grb

 OPENED webinar.dis.grb
 FILE TYPE:DATA(BINARY)   UNIT 1016   STATUS:REPLACE             
 FORMAT:UNFORMATTED            ACCESS:STREAM              
 ACTION:READWRITE           

      THE LAST TIME STEP WILL BE PRINTED
      THE LAST TIME STEP WILL BE PRINTED

 PROCESSING OC OPTIONS

    BUDGET INFORMATION WILL BE WRITTEN TO:
      UNIT NUMBER: 1017
      FILE NAME: webinar.cbb

 OPENED webinar.cbb
 FILE TYPE:DATA(BINARY)   UNIT 1017   STATUS:REPLACE             
 FORMAT:UNFORMATTED            ACCESS:STREAM              
 ACTION:READWRITE           

    HEAD INFORMATION WILL BE WRITTEN TO:
      UNIT NUMBER: 1018
      FILE NAME: webinar.hds

 OPENED webinar.hds
 FILE TYPE:DATA(BINARY)   UNIT 1018   STATUS:REPLACE             
 FORMAT:UNFORMATTED            ACCESS:STREAM              
 ACTION:READWRITE           

 END OF OC OPTIONS

start timestep kper="1" kstp="1" mode="normal"


 BEGIN READING OUTPUT CONTROL FOR STRESS PERIOD 1
      ALL TIME STEPS WILL BE SAVED
      ALL TIME STEPS WILL BE SAVED
      THE LAST TIME STEP WILL BE PRINTED
      THE LAST TIME STEP WILL BE PRINTED

 END READING OUTPUT CONTROL FOR STRESS PERIOD 1
 UBDSV1 SAVING     FLOW-JA-FACE ON UNIT   1017 AT TIME STEP      1, STRESS PERIOD      1
 UBDSV06 SAVING       DATA-SPDIS IN MODEL WEBINAR          PACKAGE NPF             CONNECTED TO MODEL WEBINAR          PACKAGE NPF              ON UNIT   1017 AT TIME STEP      1, STRESS PERIOD      1
 UBDSV06 SAVING              WEL IN MODEL WEBINAR          PACKAGE WEBINAR         CONNECTED TO MODEL WEBINAR          PACKAGE WEL_0            ON UNIT   1017 AT TIME STEP      1, STRESS PERIOD      1
 UBDSV06 SAVING             RCHA IN MODEL WEBINAR          PACKAGE WEBINAR         CONNECTED TO MODEL WEBINAR          PACKAGE RCH              ON UNIT   1017 AT TIME STEP      1, STRESS PERIOD      1
 UBDSV06 SAVING              CHD IN MODEL WEBINAR          PACKAGE WEBINAR         CONNECTED TO MODEL WEBINAR          PACKAGE CHD_0            ON UNIT   1017 AT TIME STEP      1, STRESS PERIOD      1
1
  HEAD IN LAYER   1 AT END OF TIME STEP   1 IN STRESS PERIOD    1
  ---------------------------------------------------------------------------

 ........................................................................................................................................................................................................................................................................................................................................................................................................................................................................................................................................................................................................................................................................................................................................................................................................................................................................................................................................................................................................................................
   1    66.10       66.09       66.09       66.08       66.08       66.07       66.06       66.04       66.03       66.01    
        66.00       65.98       65.95       65.93       65.91       65.88       65.85       65.82       65.79       65.75    
        65.72       65.68       65.64       65.60       65.56       65.51       65.47       65.42       65.37       65.32    
        65.26       65.21       65.15       65.09       65.03       64.97       64.91       64.84       64.78       64.71    
        64.64       64.57       64.49       64.42       64.34       64.26       64.18       64.10       64.02       63.94    
        63.85       63.77       63.68       63.59       63.50       63.41       63.31       63.22       63.12       63.03    
        62.93       62.83       62.73       62.63       62.53       62.42       62.32       62.21       62.11       62.00    
        61.89       61.79       61.68       61.57       61.46       61.34       61.23       61.12       61.00       60.89    
        60.77       60.66       60.54       60.42       60.30       60.18       60.06       59.93       59.81       59.68    
        59.54       59.40       59.26       59.11       58.95       58.79       58.61       58.42       58.22       58.00    
   2    66.10       66.09       66.09       66.08       66.08       66.07       66.06       66.04       66.03       66.01    
        66.00       65.98       65.95       65.93       65.91       65.88       65.85       65.82       65.79       65.75    
        65.72       65.68       65.64       65.60       65.56       65.51       65.46       65.42       65.37       65.32    
        65.26       65.21       65.15       65.09       65.03       64.97       64.91       64.84       64.77       64.71    
        64.64       64.57       64.49       64.42       64.34       64.26       64.18       64.10       64.02       63.94    
        63.85       63.77       63.68       63.59       63.50       63.41       63.31       63.22       63.12       63.03    
        62.93       62.83       62.73       62.63       62.53       62.42       62.32       62.21       62.11       62.00    
        61.89       61.78       61.68       61.56       61.45       61.34       61.23       61.12       61.00       60.89    
        60.77       60.66       60.54       60.42       60.30       60.18       60.06       59.93       59.81       59.68    
        59.54       59.40       59.26       59.11       58.95       58.79       58.61       58.42       58.22       58.00    
   3    66.09       66.09       66.09       66.08       66.08       66.07       66.06       66.04       66.03       66.01    
        66.00       65.98       65.95       65.93       65.91       65.88       65.85       65.82       65.79       65.75    
        65.72       65.68       65.64       65.60       65.56       65.51       65.46       65.42       65.37       65.32    
        65.26       65.21       65.15       65.09       65.03       64.97       64.91       64.84       64.77       64.71    
        64.64       64.56       64.49       64.42       64.34       64.26       64.18       64.10       64.02       63.94    
        63.85       63.76       63.68       63.59       63.50       63.41       63.31       63.22       63.12       63.02    
        62.93       62.83       62.73       62.63       62.52       62.42       62.32       62.21       62.11       62.00    
        61.89       61.78       61.67       61.56       61.45       61.34       61.23       61.11       61.00       60.89    
        60.77       60.65       60.54       60.42       60.30       60.18       60.06       59.93       59.80       59.67    
        59.54       59.40       59.26       59.11       58.95       58.78       58.61       58.42       58.22       58.00    
   4    66.09       66.09       66.09       66.08       66.08       66.07       66.06       66.04       66.03       66.01    
        66.00       65.98       65.95       65.93       65.91       65.88       65.85       65.82       65.79       65.75    
        65.72       65.68       65.64       65.60       65.56       65.51       65.46       65.42       65.37       65.31    
        65.26       65.21       65.15       65.09       65.03       64.97       64.91       64.84       64.77       64.71    
        64.64       64.56       64.49       64.42       64.34       64.26       64.18       64.10       64.02       63.94    
        63.85       63.76       63.68       63.59       63.50       63.40       63.31       63.22       63.12       63.02    
        62.92       62.83       62.73       62.62       62.52       62.42       62.31       62.21       62.10       62.00    
        61.89       61.78       61.67       61.56       61.45       61.34       61.22       61.11       61.00       60.88    
        60.77       60.65       60.53       60.41       60.30       60.17       60.05       59.93       59.80       59.67    
        59.54       59.40       59.25       59.10       58.95       58.78       58.61       58.42       58.22       58.00    
   5    66.09       66.09       66.09       66.08       66.08       66.07       66.06       66.04       66.03       66.01    
        66.00       65.98       65.95       65.93       65.91       65.88       65.85       65.82       65.79       65.75    
        65.72       65.68       65.64       65.60       65.56       65.51       65.46       65.42       65.37       65.31    
        65.26       65.21       65.15       65.09       65.03       64.97       64.90       64.84       64.77       64.70    
        64.63       64.56       64.49       64.41       64.34       64.26       64.18       64.10       64.02       63.93    
        63.85       63.76       63.67       63.58       63.49       63.40       63.31       63.21       63.12       63.02    
        62.92       62.82       62.72       62.62       62.52       62.41       62.31       62.20       62.10       61.99    
        61.88       61.77       61.66       61.55       61.44       61.33       61.22       61.11       60.99       60.88    
        60.76       60.64       60.53       60.41       60.29       60.17       60.05       59.92       59.80       59.67    
        59.53       59.39       59.25       59.10       58.94       58.78       58.61       58.42       58.22       58.00    
   6    66.09       66.09       66.09       66.08       66.08       66.07       66.06       66.04       66.03       66.01    
        66.00       65.98       65.95       65.93       65.90       65.88       65.85       65.82       65.79       65.75    
        65.72       65.68       65.64       65.60       65.55       65.51       65.46       65.42       65.37       65.31    
        65.26       65.20       65.15       65.09       65.03       64.97       64.90       64.84       64.77       64.70    
        64.63       64.56       64.49       64.41       64.34       64.26       64.18       64.10       64.02       63.93    
        63.85       63.76       63.67       63.58       63.49       63.40       63.30       63.21       63.11       63.02    
        62.92       62.82       62.72       62.62       62.51       62.41       62.30       62.20       62.09       61.99    
        61.88       61.77       61.66       61.55       61.44       61.32       61.21       61.10       60.98       60.87    
        60.75       60.64       60.52       60.40       60.28       60.16       60.04       59.92       59.79       59.66    
        59.53       59.39       59.25       59.10       58.94       58.78       58.60       58.42       58.22       58.00    
   7    66.09       66.09       66.09       66.08       66.08       66.07       66.06       66.04       66.03       66.01    
        65.99       65.97       65.95       65.93       65.90       65.88       65.85       65.82       65.79       65.75    
        65.72       65.68       65.64       65.60       65.55       65.51       65.46       65.41       65.36       65.31    
        65.26       65.20       65.15       65.09       65.03       64.97       64.90       64.84       64.77       64.70    
        64.63       64.56       64.49       64.41       64.33       64.26       64.18       64.10       64.01       63.93    
        63.84       63.76       63.67       63.58       63.49       63.39       63.30       63.21       63.11       63.01    
        62.91       62.81       62.71       62.61       62.51       62.40       62.30       62.19       62.09       61.98    
        61.87       61.76       61.65       61.54       61.43       61.32       61.20       61.09       60.98       60.86    
        60.75       60.63       60.51       60.39       60.27       60.15       60.03       59.91       59.78       59.65    
        59.52       59.38       59.24       59.09       58.94       58.77       58.60       58.42       58.22       58.00    
   8    66.09       66.09       66.09       66.08       66.08       66.07       66.06       66.04       66.03       66.01    
        65.99       65.97       65.95       65.93       65.90       65.88       65.85       65.82       65.79       65.75    
        65.71       65.68       65.64       65.60       65.55       65.51       65.46       65.41       65.36       65.31    
        65.26       65.20       65.15       65.09       65.03       64.96       64.90       64.84       64.77       64.70    
        64.63       64.56       64.48       64.41       64.33       64.25       64.17       64.09       64.01       63.93    
        63.84       63.75       63.66       63.57       63.48       63.39       63.30       63.20       63.11       63.01    
        62.91       62.81       62.71       62.61       62.50       62.40       62.29       62.19       62.08       61.97    
        61.86       61.75       61.64       61.53       61.42       61.31       61.20       61.08       60.97       60.85    
        60.74       60.62       60.50       60.38       60.27       60.14       60.02       59.90       59.77       59.64    
        59.51       59.37       59.23       59.09       58.93       58.77       58.60       58.41       58.21       58.00    
   9    66.09       66.09       66.09       66.08       66.08       66.07       66.06       66.04       66.03       66.01    
        65.99       65.97       65.95       65.93       65.90       65.88       65.85       65.82       65.78       65.75    
        65.71       65.68       65.64       65.60       65.55       65.51       65.46       65.41       65.36       65.31    
        65.26       65.20       65.14       65.09       65.03       64.96       64.90       64.83       64.77       64.70    
        64.63       64.56       64.48       64.41       64.33       64.25       64.17       64.09       64.01       63.92    
        63.84       63.75       63.66       63.57       63.48       63.39       63.29       63.20       63.10       63.00    
        62.90       62.80       62.70       62.60       62.49       62.39       62.28       62.18       62.07       61.96    
        61.85       61.74       61.63       61.52       61.41       61.30       61.18       61.07       60.96       60.84    
        60.73       60.61       60.49       60.37       60.25       60.13       60.01       59.89       59.76       59.63    
        59.50       59.37       59.22       59.08       58.92       58.76       58.59       58.41       58.21       58.00    
  10    66.09       66.09       66.09       66.08       66.07       66.07       66.06       66.04       66.03       66.01    
        65.99       65.97       65.95       65.93       65.90       65.88       65.85       65.82       65.78       65.75    
        65.71       65.68       65.64       65.59       65.55       65.51       65.46       65.41       65.36       65.31    
        65.26       65.20       65.14       65.08       65.02       64.96       64.90       64.83       64.77       64.70    
        64.63       64.55       64.48       64.40       64.33       64.25       64.17       64.09       64.00       63.92    
        63.83       63.75       63.66       63.57       63.47       63.38       63.29       63.19       63.09       63.00    
        62.90       62.80       62.69       62.59       62.49       62.38       62.28       62.17       62.06       61.95    
        61.84       61.73       61.62       61.51       61.40       61.29       61.17       61.06       60.94       60.83    
        60.71       60.60       60.48       60.36       60.24       60.12       60.00       59.88       59.75       59.62    
        59.49       59.36       59.22       59.07       58.92       58.76       58.59       58.41       58.21       58.00    
  11    66.09       66.09       66.09       66.08       66.07       66.07       66.05       66.04       66.03       66.01    
        65.99       65.97       65.95       65.93       65.90       65.88       65.85       65.82       65.78       65.75    
        65.71       65.67       65.64       65.59       65.55       65.51       65.46       65.41       65.36       65.31    
        65.25       65.20       65.14       65.08       65.02       64.96       64.90       64.83       64.76       64.69    
        64.62       64.55       64.48       64.40       64.32       64.25       64.17       64.08       64.00       63.92    
        63.83       63.74       63.65       63.56       63.47       63.38       63.28       63.18       63.09       62.99    
        62.89       62.79       62.69       62.58       62.48       62.37       62.27       62.16       62.05       61.94    
        61.83       61.72       61.61       61.50       61.39       61.27       61.16       61.05       60.93       60.81    
        60.70       60.58       60.46       60.35       60.23       60.11       59.99       59.86       59.74       59.61    
        59.48       59.34       59.21       59.06       58.91       58.75       58.58       58.40       58.21       58.00    
  12    66.09       66.09       66.09       66.08       66.07       66.06       66.05       66.04       66.03       66.01    
        65.99       65.97       65.95       65.93       65.90       65.87       65.85       65.81       65.78       65.75    
        65.71       65.67       65.63       65.59       65.55       65.50       65.46       65.41       65.36       65.31    
        65.25       65.20       65.14       65.08       65.02       64.96       64.89       64.83       64.76       64.69    
        64.62       64.55       64.47       64.40       64.32       64.24       64.16       64.08       64.00       63.91    
        63.82       63.74       63.65       63.56       63.46       63.37       63.27       63.18       63.08       62.98    
        62.88       62.78       62.68       62.57       62.47       62.36       62.26       62.15       62.04       61.93    
        61.82       61.71       61.60       61.49       61.37       61.26       61.14       61.03       60.91       60.80    
        60.68       60.57       60.45       60.33       60.21       60.09       59.97       59.85       59.72       59.60    
        59.47       59.33       59.19       59.05       58.90       58.74       58.58       58.40       58.21       58.00    
  13    66.09       66.09       66.09       66.08       66.07       66.06       66.05       66.04       66.03       66.01    
        65.99       65.97       65.95       65.93       65.90       65.87       65.84       65.81       65.78       65.75    
        65.71       65.67       65.63       65.59       65.55       65.50       65.46       65.41       65.36       65.31    
        65.25       65.20       65.14       65.08       65.02       64.96       64.89       64.83       64.76       64.69    
        64.62       64.54       64.47       64.39       64.32       64.24       64.16       64.08       63.99       63.91    
        63.82       63.73       63.64       63.55       63.46       63.36       63.27       63.17       63.07       62.97    
        62.87       62.77       62.67       62.56       62.46       62.35       62.24       62.14       62.03       61.92    
        61.81       61.70       61.58       61.47       61.36       61.24       61.13       61.01       60.90       60.78    
        60.67       60.55       60.43       60.31       60.19       60.07       59.95       59.83       59.71       59.58    
        59.45       59.32       59.18       59.04       58.89       58.73       58.57       58.39       58.20       58.00    
  14    66.09       66.09       66.09       66.08       66.07       66.06       66.05       66.04       66.03       66.01    
        65.99       65.97       65.95       65.93       65.90       65.87       65.84       65.81       65.78       65.75    
        65.71       65.67       65.63       65.59       65.55       65.50       65.45       65.41       65.36       65.30    
        65.25       65.19       65.14       65.08       65.02       64.95       64.89       64.82       64.76       64.69    
        64.61       64.54       64.47       64.39       64.31       64.23       64.15       64.07       63.99       63.90    
        63.81       63.73       63.63       63.54       63.45       63.36       63.26       63.16       63.06       62.96    
        62.86       62.76       62.66       62.55       62.45       62.34       62.23       62.12       62.01       61.90    
        61.79       61.68       61.57       61.45       61.34       61.23       61.11       61.00       60.88       60.76    
        60.65       60.53       60.41       60.29       60.18       60.06       59.94       59.81       59.69       59.56    
        59.44       59.30       59.17       59.03       58.88       58.72       58.56       58.39       58.20       58.00    
  15    66.09       66.09       66.09       66.08       66.07       66.06       66.05       66.04       66.03       66.01    
        65.99       65.97       65.95       65.92       65.90       65.87       65.84       65.81       65.78       65.75    
        65.71       65.67       65.63       65.59       65.55       65.50       65.45       65.40       65.35       65.30    
        65.25       65.19       65.13       65.07       65.01       64.95       64.89       64.82       64.75       64.68    
        64.61       64.54       64.46       64.39       64.31       64.23       64.15       64.07       63.98       63.90    
        63.81       63.72       63.63       63.54       63.44       63.35       63.25       63.15       63.06       62.95    
        62.85       62.75       62.65       62.54       62.44       62.33       62.22       62.11       62.00       61.89    
        61.78       61.66       61.55       61.44       61.32       61.21       61.09       60.98       60.86       60.74    
        60.63       60.51       60.39       60.27       60.15       60.04       59.92       59.79       59.67       59.55    
        59.42       59.29       59.15       59.01       58.87       58.71       58.55       58.38       58.20       58.00    
  16    66.09       66.09       66.08       66.08       66.07       66.06       66.05       66.04       66.02       66.01    
        65.99       65.97       65.95       65.92       65.90       65.87       65.84       65.81       65.78       65.74    
        65.71       65.67       65.63       65.59       65.54       65.50       65.45       65.40       65.35       65.30    
        65.25       65.19       65.13       65.07       65.01       64.95       64.88       64.82       64.75       64.68    
        64.61       64.53       64.46       64.38       64.31       64.23       64.14       64.06       63.98       63.89    
        63.80       63.71       63.62       63.53       63.44       63.34       63.24       63.15       63.05       62.94    
        62.84       62.74       62.63       62.53       62.42       62.31       62.21       62.10       61.98       61.87    
        61.76       61.65       61.53       61.42       61.30       61.19       61.07       60.95       60.84       60.72    
        60.60       60.49       60.37       60.25       60.13       60.01       59.89       59.77       59.65       59.52    
        59.40       59.27       59.13       59.00       58.85       58.70       58.54       58.38       58.20       58.00    
  17    66.09       66.09       66.08       66.08       66.07       66.06       66.05       66.04       66.02       66.01    
        65.99       65.97       65.95       65.92       65.90       65.87       65.84       65.81       65.78       65.74    
        65.71       65.67       65.63       65.59       65.54       65.50       65.45       65.40       65.35       65.30    
        65.24       65.19       65.13       65.07       65.01       64.95       64.88       64.81       64.75       64.68    
        64.60       64.53       64.46       64.38       64.30       64.22       64.14       64.06       63.97       63.88    
        63.80       63.71       63.61       63.52       63.43       63.33       63.23       63.14       63.04       62.93    
        62.83       62.73       62.62       62.52       62.41       62.30       62.19       62.08       61.97       61.86    
        61.74       61.63       61.51       61.40       61.28       61.17       61.05       60.93       60.81       60.70    
        60.58       60.46       60.34       60.22       60.11       59.99       59.87       59.75       59.63       59.50    
        59.38       59.25       59.11       58.98       58.84       58.69       58.53       58.37       58.19       58.00    
  18    66.09       66.09       66.08       66.08       66.07       66.06       66.05       66.04       66.02       66.01    
        65.99       65.97       65.95       65.92       65.90       65.87       65.84       65.81       65.78       65.74    
        65.71       65.67       65.63       65.59       65.54       65.50       65.45       65.40       65.35       65.30    
        65.24       65.19       65.13       65.07       65.01       64.94       64.88       64.81       64.74       64.67    
        64.60       64.53       64.45       64.37       64.30       64.22       64.13       64.05       63.96       63.88    
        63.79       63.70       63.61       63.51       63.42       63.32       63.23       63.13       63.03       62.92    
        62.82       62.72       62.61       62.50       62.39       62.29       62.17       62.06       61.95       61.84    
        61.72       61.61       61.49       61.38       61.26       61.14       61.03       60.91       60.79       60.67    
        60.55       60.43       60.32       60.20       60.08       59.96       59.84       59.72       59.60       59.48    
        59.35       59.22       59.09       58.96       58.82       58.67       58.52       58.36       58.19       58.00    
  19    66.09       66.09       66.08       66.08       66.07       66.06       66.05       66.04       66.02       66.01    
        65.99       65.97       65.95       65.92       65.90       65.87       65.84       65.81       65.78       65.74    
        65.70       65.67       65.63       65.58       65.54       65.49       65.45       65.40       65.35       65.29    
        65.24       65.18       65.13       65.07       65.00       64.94       64.87       64.81       64.74       64.67    
        64.60       64.52       64.45       64.37       64.29       64.21       64.13       64.04       63.96       63.87    
        63.78       63.69       63.60       63.51       63.41       63.31       63.22       63.12       63.01       62.91    
        62.81       62.70       62.60       62.49       62.38       62.27       62.16       62.05       61.93       61.82    
        61.70       61.59       61.47       61.35       61.24       61.12       61.00       60.88       60.76       60.64    
        60.53       60.41       60.29       60.17       60.05       59.93       59.81       59.69       59.57       59.45    
        59.33       59.20       59.07       58.94       58.80       58.66       58.51       58.35       58.18       58.00    
  20    66.09       66.09       66.08       66.08       66.07       66.06       66.05       66.04       66.02       66.00    
        65.99       65.97       65.94       65.92       65.89       65.87       65.84       65.81       65.77       65.74    
        65.70       65.66       65.62       65.58       65.54       65.49       65.45       65.40       65.34       65.29    
        65.24       65.18       65.12       65.06       65.00       64.94       64.87       64.80       64.74       64.67    
        64.59       64.52       64.44       64.37       64.29       64.20       64.12       64.04       63.95       63.86    
        63.77       63.68       63.59       63.50       63.40       63.30       63.21       63.10       63.00       62.90    
        62.80       62.69       62.58       62.47       62.36       62.25       62.14       62.03       61.91       61.80    
        61.68       61.57       61.45       61.33       61.21       61.09       60.97       60.85       60.73       60.62    
        60.50       60.38       60.26       60.14       60.02       59.90       59.78       59.66       59.54       59.42    
        59.30       59.17       59.05       58.92       58.78       58.64       58.50       58.34       58.18       58.00    
  21    66.09       66.08       66.08       66.08       66.07       66.06       66.05       66.04       66.02       66.00    
        65.99       65.97       65.94       65.92       65.89       65.87       65.84       65.81       65.77       65.74    
        65.70       65.66       65.62       65.58       65.54       65.49       65.44       65.39       65.34       65.29    
        65.23       65.18       65.12       65.06       65.00       64.93       64.87       64.80       64.73       64.66    
        64.59       64.51       64.44       64.36       64.28       64.20       64.12       64.03       63.95       63.86    
        63.77       63.68       63.58       63.49       63.39       63.29       63.19       63.09       62.99       62.89    
        62.78       62.68       62.57       62.46       62.35       62.24       62.12       62.01       61.89       61.78    
        61.66       61.54       61.42       61.31       61.19       61.07       60.95       60.82       60.70       60.58    
        60.46       60.34       60.22       60.10       59.99       59.87       59.75       59.63       59.51       59.39    
        59.27       59.14       59.02       58.89       58.76       58.62       58.48       58.33       58.17       58.00    
  22    66.09       66.08       66.08       66.07       66.07       66.06       66.05       66.03       66.02       66.00    
        65.98       65.96       65.94       65.92       65.89       65.87       65.84       65.80       65.77       65.74    
        65.70       65.66       65.62       65.58       65.53       65.49       65.44       65.39       65.34       65.29    
        65.23       65.18       65.12       65.06       64.99       64.93       64.87       64.80       64.73       64.66    
        64.58       64.51       64.43       64.36       64.28       64.19       64.11       64.03       63.94       63.85    
        63.76       63.67       63.57       63.48       63.38       63.28       63.18       63.08       62.98       62.87    
        62.77       62.66       62.55       62.44       62.33       62.22       62.10       61.99       61.87       61.76    
        61.64       61.52       61.40       61.28       61.16       61.04       60.92       60.79       60.67       60.55    
        60.43       60.31       60.19       60.07       59.95       59.83       59.71       59.59       59.47       59.35    
        59.23       59.11       58.99       58.86       58.74       58.60       58.47       58.32       58.17       58.00    
  23    66.09       66.08       66.08       66.07       66.07       66.06       66.05       66.03       66.02       66.00    
        65.98       65.96       65.94       65.92       65.89       65.86       65.83       65.80       65.77       65.74    
        65.70       65.66       65.62       65.58       65.53       65.49       65.44       65.39       65.34       65.29    
        65.23       65.17       65.11       65.05       64.99       64.93       64.86       64.79       64.72       64.65    
        64.58       64.51       64.43       64.35       64.27       64.19       64.10       64.02       63.93       63.84    
        63.75       63.66       63.57       63.47       63.37       63.27       63.17       63.07       62.97       62.86    
        62.75       62.65       62.54       62.43       62.31       62.20       62.08       61.97       61.85       61.73    
        61.61       61.49       61.37       61.25       61.13       61.01       60.88       60.76       60.64       60.52    
        60.39       60.27       60.15       60.03       59.91       59.79       59.67       59.55       59.44       59.32    
        59.20       59.08       58.96       58.84       58.71       58.58       58.45       58.31       58.16       58.00    
  24    66.08       66.08       66.08       66.07       66.07       66.06       66.05       66.03       66.02       66.00    
        65.98       65.96       65.94       65.92       65.89       65.86       65.83       65.80       65.77       65.73    
        65.70       65.66       65.62       65.58       65.53       65.49       65.44       65.39       65.34       65.28    
        65.23       65.17       65.11       65.05       64.99       64.92       64.86       64.79       64.72       64.65    
        64.58       64.50       64.42       64.34       64.26       64.18       64.10       64.01       63.92       63.84    
        63.74       63.65       63.56       63.46       63.36       63.26       63.16       63.06       62.95       62.85    
        62.74       62.63       62.52       62.41       62.30       62.18       62.06       61.95       61.83       61.71    
        61.59       61.47       61.35       61.22       61.10       60.98       60.85       60.73       60.60       60.48    
        60.36       60.23       60.11       59.99       59.87       59.75       59.63       59.51       59.39       59.28    
        59.16       59.04       58.92       58.80       58.68       58.56       58.43       58.30       58.15       58.00    
  25    66.08       66.08       66.08       66.07       66.07       66.06       66.04       66.03       66.02       66.00    
        65.98       65.96       65.94       65.92       65.89       65.86       65.83       65.80       65.77       65.73    
        65.70       65.66       65.62       65.57       65.53       65.48       65.44       65.39       65.33       65.28    
        65.23       65.17       65.11       65.05       64.99       64.92       64.85       64.79       64.72       64.64    
        64.57       64.50       64.42       64.34       64.26       64.18       64.09       64.01       63.92       63.83    
        63.74       63.64       63.55       63.45       63.35       63.25       63.15       63.05       62.94       62.83    
        62.73       62.62       62.50       62.39       62.28       62.16       62.04       61.93       61.81       61.68    
        61.56       61.44       61.32       61.19       61.07       60.94       60.82       60.69       60.57       60.44    
        60.32       60.19       60.07       59.95       59.83       59.71       59.59       59.47       59.35       59.23    
        59.12       59.00       58.89       58.77       58.65       58.53       58.41       58.28       58.14       58.00    
  26    66.08       66.08       66.08       66.07       66.06       66.06       66.04       66.03       66.02       66.00    
        65.98       65.96       65.94       65.91       65.89       65.86       65.83       65.80       65.77       65.73    
        65.69       65.66       65.61       65.57       65.53       65.48       65.43       65.38       65.33       65.28    
        65.22       65.17       65.11       65.05       64.98       64.92       64.85       64.78       64.71       64.64    
        64.57       64.49       64.41       64.33       64.25       64.17       64.09       64.00       63.91       63.82    
        63.73       63.63       63.54       63.44       63.34       63.24       63.14       63.03       62.93       62.82    
        62.71       62.60       62.49       62.37       62.26       62.14       62.02       61.90       61.78       61.66    
        61.54       61.41       61.29       61.16       61.03       60.91       60.78       60.65       60.53       60.40    
        60.27       60.15       60.02       59.90       59.78       59.66       59.54       59.42       59.30       59.19    
        59.07       58.96       58.85       58.73       58.62       58.50       58.39       58.26       58.14       58.00    
  27    66.08       66.08       66.08       66.07       66.06       66.05       66.04       66.03       66.02       66.00    
        65.98       65.96       65.94       65.91       65.89       65.86       65.83       65.80       65.77       65.73    
        65.69       65.65       65.61       65.57       65.53       65.48       65.43       65.38       65.33       65.28    
        65.22       65.16       65.10       65.04       64.98       64.91       64.85       64.78       64.71       64.64    
        64.56       64.49       64.41       64.33       64.25       64.16       64.08       63.99       63.90       63.81    
        63.72       63.63       63.53       63.43       63.33       63.23       63.13       63.02       62.91       62.81    
        62.70       62.58       62.47       62.36       62.24       62.12       62.00       61.88       61.76       61.63    
        61.51       61.38       61.26       61.13       61.00       60.87       60.74       60.61       60.49       60.36    
        60.23       60.10       59.98       59.85       59.73       59.61       59.49       59.37       59.25       59.14    
        59.02       58.91       58.80       58.69       58.58       58.47       58.36       58.25       58.13       58.00    
  28    66.08       66.08       66.08       66.07       66.06       66.05       66.04       66.03       66.01       66.00    
        65.98       65.96       65.94       65.91       65.89       65.86       65.83       65.80       65.76       65.73    
        65.69       65.65       65.61       65.57       65.52       65.48       65.43       65.38       65.33       65.27    
        65.22       65.16       65.10       65.04       64.98       64.91       64.84       64.78       64.70       64.63    
        64.56       64.48       64.40       64.32       64.24       64.16       64.07       63.98       63.90       63.80    
        63.71       63.62       63.52       63.42       63.32       63.22       63.11       63.01       62.90       62.79    
        62.68       62.57       62.45       62.34       62.22       62.10       61.98       61.86       61.73       61.61    
        61.48       61.35       61.23       61.10       60.97       60.84       60.71       60.57       60.44       60.31    
        60.18       60.05       59.93       59.80       59.68       59.55       59.43       59.31       59.20       59.08    
        58.97       58.86       58.75       58.65       58.55       58.44       58.34       58.23       58.12       58.00    
  29    66.08       66.08       66.07       66.07       66.06       66.05       66.04       66.03       66.01       66.00    
        65.98       65.96       65.94       65.91       65.89       65.86       65.83       65.80       65.76       65.73    
        65.69       65.65       65.61       65.57       65.52       65.48       65.43       65.38       65.33       65.27    
        65.22       65.16       65.10       65.04       64.97       64.91       64.84       64.77       64.70       64.63    
        64.55       64.48       64.40       64.32       64.24       64.15       64.07       63.98       63.89       63.80    
        63.70       63.61       63.51       63.41       63.31       63.21       63.10       63.00       62.89       62.78    
        62.67       62.55       62.44       62.32       62.20       62.08       61.96       61.83       61.71       61.58    
        61.45       61.32       61.19       61.06       60.93       60.80       60.67       60.53       60.40       60.27    
        60.14       60.00       59.87       59.75       59.62       59.49       59.37       59.25       59.14       59.02    
        58.91       58.81       58.70       58.60       58.50       58.41       58.31       58.21       58.11       58.00    
  30    66.08       66.08       66.07       66.07       66.06       66.05       66.04       66.03       66.01       66.00    
        65.98       65.96       65.93       65.91       65.88       65.86       65.83       65.79       65.76       65.73    
        65.69       65.65       65.61       65.57       65.52       65.47       65.43       65.38       65.32       65.27    
        65.21       65.16       65.10       65.03       64.97       64.90       64.84       64.77       64.70       64.62    
        64.55       64.47       64.39       64.31       64.23       64.15       64.06       63.97       63.88       63.79    
        63.70       63.60       63.50       63.40       63.30       63.20       63.09       62.98       62.87       62.76    
        62.65       62.54       62.42       62.30       62.18       62.06       61.93       61.81       61.68       61.55    
        61.43       61.29       61.16       61.03       60.89       60.76       60.63       60.49       60.35       60.22    
        60.09       59.95       59.82       59.69       59.56       59.43       59.31       59.19       59.07       58.96    
        58.85       58.75       58.65       58.55       58.46       58.37       58.28       58.19       58.10       58.00    
  31    66.08       66.08       66.07       66.07       66.06       66.05       66.04       66.03       66.01       66.00    
        65.98       65.96       65.93       65.91       65.88       65.86       65.83       65.79       65.76       65.72    
        65.69       65.65       65.61       65.56       65.52       65.47       65.42       65.37       65.32       65.27    
        65.21       65.15       65.09       65.03       64.97       64.90       64.83       64.76       64.69       64.62    
        64.54       64.47       64.39       64.31       64.22       64.14       64.05       63.96       63.87       63.78    
        63.69       63.59       63.49       63.39       63.29       63.19       63.08       62.97       62.86       62.75    
        62.63       62.52       62.40       62.28       62.16       62.04       61.91       61.79       61.66       61.53    
        61.40       61.26       61.13       60.99       60.86       60.72       60.58       60.45       60.31       60.17    
        60.03       59.90       59.76       59.63       59.50       59.37       59.24       59.12       59.01       58.89    
        58.79       58.69       58.59       58.50       58.41       58.33       58.25       58.17       58.08       58.00    
  32    66.08       66.08       66.07       66.07       66.06       66.05       66.04       66.03       66.01       65.99    
        65.98       65.96       65.93       65.91       65.88       65.85       65.82       65.79       65.76       65.72    
        65.69       65.65       65.61       65.56       65.52       65.47       65.42       65.37       65.32       65.26    
        65.21       65.15       65.09       65.03       64.96       64.90       64.83       64.76       64.69       64.62    
        64.54       64.46       64.38       64.30       64.22       64.13       64.05       63.96       63.87       63.77    
        63.68       63.58       63.48       63.38       63.28       63.17       63.07       62.96       62.85       62.73    
        62.62       62.50       62.38       62.26       62.14       62.02       61.89       61.76       61.63       61.50    
        61.37       61.23       61.10       60.96       60.82       60.68       60.54       60.40       60.26       60.12    
        59.98       59.84       59.70       59.57       59.43       59.30       59.17       59.05       58.93       58.82    
        58.72       58.62       58.53       58.44       58.36       58.28       58.21       58.14       58.07       58.00    
  33    66.08       66.08       66.07       66.07       66.06       66.05       66.04       66.03       66.01       65.99    
        65.97       65.95       65.93       65.91       65.88       65.85       65.82       65.79       65.76       65.72    
        65.68       65.65       65.60       65.56       65.52       65.47       65.42       65.37       65.32       65.26    
        65.21       65.15       65.09       65.03       64.96       64.90       64.83       64.76       64.69       64.61    
        64.54       64.46       64.38       64.30       64.21       64.13       64.04       63.95       63.86       63.77    
        63.67       63.57       63.47       63.37       63.27       63.16       63.06       62.95       62.83       62.72    
        62.60       62.49       62.37       62.25       62.12       62.00       61.87       61.74       61.61       61.47    
        61.34       61.20       61.06       60.92       60.78       60.64       60.50       60.36       60.21       60.07    
        59.93       59.79       59.64       59.50       59.37       59.23       59.10       58.98       58.86       58.75    
        58.64       58.55       58.46       58.38       58.31       58.24       58.18       58.12       58.06       58.00    
  34    66.08       66.07       66.07       66.07       66.06       66.05       66.04       66.02       66.01       65.99    
        65.97       65.95       65.93       65.91       65.88       65.85       65.82       65.79       65.76       65.72    
        65.68       65.64       65.60       65.56       65.51       65.47       65.42       65.37       65.31       65.26    
        65.20       65.15       65.09       65.02       64.96       64.89       64.82       64.75       64.68       64.61    
        64.53       64.45       64.37       64.29       64.21       64.12       64.04       63.95       63.85       63.76    
        63.66       63.57       63.47       63.36       63.26       63.15       63.04       62.93       62.82       62.71    
        62.59       62.47       62.35       62.23       62.10       61.98       61.85       61.72       61.58       61.45    
        61.31       61.17       61.03       60.89       60.75       60.60       60.46       60.31       60.17       60.02    
        59.87       59.73       59.58       59.44       59.30       59.16       59.03       58.90       58.78       58.67    
        58.56       58.47       58.39       58.31       58.25       58.19       58.14       58.09       58.04       58.00    
  35    66.08       66.07       66.07       66.06       66.06       66.05       66.04       66.02       66.01       65.99    
        65.97       65.95       65.93       65.91       65.88       65.85       65.82       65.79       65.76       65.72    
        65.68       65.64       65.60       65.56       65.51       65.47       65.42       65.37       65.31       65.26    
        65.20       65.14       65.08       65.02       64.96       64.89       64.82       64.75       64.68       64.60    
        64.53       64.45       64.37       64.29       64.20       64.12       64.03       63.94       63.85       63.75    
        63.66       63.56       63.46       63.35       63.25       63.14       63.03       62.92       62.81       62.69    
        62.58       62.46       62.33       62.21       62.08       61.96       61.82       61.69       61.56       61.42    
        61.28       61.14       61.00       60.86       60.71       60.56       60.42       60.27       60.12       59.97    
        59.82       59.67       59.52       59.37       59.23       59.08       58.95       58.82       58.69       58.58    
        58.48       58.39       58.31       58.25       58.19       58.14       58.10       58.06       58.03       58.00    
  36    66.08       66.07       66.07       66.06       66.06       66.05       66.04       66.02       66.01       65.99    
        65.97       65.95       65.93       65.90       65.88       65.85       65.82       65.79       65.75       65.72    
        65.68       65.64       65.60       65.56       65.51       65.46       65.42       65.36       65.31       65.26    
        65.20       65.14       65.08       65.02       64.95       64.89       64.82       64.75       64.68       64.60    
        64.52       64.45       64.37       64.28       64.20       64.11       64.02       63.93       63.84       63.75    
        63.65       63.55       63.45       63.35       63.24       63.13       63.02       62.91       62.80       62.68    
        62.56       62.44       62.32       62.19       62.07       61.94       61.80       61.67       61.53       61.40    
        61.25       61.11       60.97       60.82       60.67       60.53       60.37       60.22       60.07       59.92    
        59.76       59.61       59.46       59.31       59.15       59.01       58.87       58.73       58.61       58.49    
        58.39       58.31       58.23       58.18       58.13       58.09       58.06       58.03       58.01       58.00    
  37    66.07       66.07       66.07       66.06       66.06       66.05       66.04       66.02       66.01       65.99    
        65.97       65.95       65.93       65.90       65.88       65.85       65.82       65.79       65.75       65.72    
        65.68       65.64       65.60       65.56       65.51       65.46       65.41       65.36       65.31       65.25    
        65.20       65.14       65.08       65.02       64.95       64.88       64.82       64.74       64.67       64.60    
        64.52       64.44       64.36       64.28       64.19       64.11       64.02       63.93       63.83       63.74    
        63.64       63.54       63.44       63.34       63.23       63.12       63.01       62.90       62.79       62.67    
        62.55       62.43       62.30       62.18       62.05       61.92       61.78       61.65       61.51       61.37    
        61.23       61.08       60.94       60.79       60.64       60.49       60.33       60.18       60.02       59.87    
        59.71       59.55       59.40       59.24       59.08       58.93       58.79       58.65       58.52       58.40    
        58.30       58.22       58.15       58.10       58.06       58.03       58.01       58.00       58.00       58.00    
  38    66.07       66.07       66.07       66.06       66.06       66.05       66.03       66.02       66.01       65.99    
        65.97       65.95       65.93       65.90       65.88       65.85       65.82       65.79       65.75       65.72    
        65.68       65.64       65.60       65.55       65.51       65.46       65.41       65.36       65.31       65.25    
        65.20       65.14       65.08       65.01       64.95       64.88       64.81       64.74       64.67       64.59    
        64.52       64.44       64.36       64.27       64.19       64.10       64.01       63.92       63.83       63.73    
        63.64       63.54       63.43       63.33       63.22       63.11       63.00       62.89       62.77       62.66    
        62.54       62.41       62.29       62.16       62.03       61.90       61.76       61.63       61.49       61.35    
        61.20       61.06       60.91       60.76       60.61       60.45       60.30       60.14       59.98       59.82    
        59.66       59.50       59.34       59.17       59.01       58.86       58.71       58.56       58.43       58.31    
        58.21       58.13       58.07       58.03       58.00       57.98       57.97       57.97       57.98       58.00    
  39    66.07       66.07       66.07       66.06       66.05       66.05       66.03       66.02       66.01       65.99    
        65.97       65.95       65.93       65.90       65.88       65.85       65.82       65.79       65.75       65.72    
        65.68       65.64       65.60       65.55       65.51       65.46       65.41       65.36       65.31       65.25    
        65.19       65.13       65.07       65.01       64.95       64.88       64.81       64.74       64.67       64.59    
        64.51       64.43       64.35       64.27       64.19       64.10       64.01       63.92       63.82       63.73    
        63.63       63.53       63.43       63.32       63.21       63.10       62.99       62.88       62.76       62.64    
        62.52       62.40       62.27       62.15       62.01       61.88       61.75       61.61       61.47       61.32    
        61.18       61.03       60.88       60.73       60.57       60.42       60.26       60.10       59.94       59.77    
        59.61       59.44       59.28       59.11       58.95       58.79       58.63       58.48       58.34       58.22    
        58.12       58.04       57.99       57.96       57.94       57.93       57.94       57.95       57.97       58.00    
  40    66.07       66.07       66.07       66.06       66.05       66.04       66.03       66.02       66.01       65.99    
        65.97       65.95       65.93       65.90       65.88       65.85       65.82       65.78       65.75       65.71    
        65.68       65.64       65.60       65.55       65.51       65.46       65.41       65.36       65.30       65.25    
        65.19       65.13       65.07       65.01       64.94       64.88       64.81       64.74       64.66       64.59    
        64.51       64.43       64.35       64.27       64.18       64.09       64.00       63.91       63.82       63.72    
        63.62       63.52       63.42       63.31       63.21       63.10       62.98       62.87       62.75       62.63    
        62.51       62.39       62.26       62.13       62.00       61.87       61.73       61.59       61.45       61.30    
        61.15       61.00       60.85       60.70       60.54       60.38       60.22       60.06       59.90       59.73    
        59.56       59.39       59.22       59.05       58.88       58.72       58.56       58.40       58.26       58.13    
        58.03       57.96       57.92       57.89       57.88       57.89       57.90       57.92       57.96       58.00    
  41    66.07       66.07       66.07       66.06       66.05       66.04       66.03       66.02       66.00       65.99    
        65.97       65.95       65.93       65.90       65.87       65.85       65.82       65.78       65.75       65.71    
        65.68       65.64       65.59       65.55       65.50       65.46       65.41       65.36       65.30       65.25    
        65.19       65.13       65.07       65.01       64.94       64.87       64.81       64.73       64.66       64.59    
        64.51       64.43       64.35       64.26       64.18       64.09       64.00       63.91       63.81       63.72    
        63.62       63.52       63.41       63.31       63.20       63.09       62.98       62.86       62.74       62.62    
        62.50       62.38       62.25       62.12       61.99       61.85       61.71       61.57       61.43       61.28    
        61.13       60.98       60.83       60.67       60.51       60.35       60.19       60.02       59.86       59.69    
        59.52       59.34       59.17       59.00       58.83       58.66       58.49       58.34       58.19       58.06    
        57.95       57.89       57.85       57.84       57.84       57.85       57.87       57.90       57.94       58.00    
  42    66.07       66.07       66.07       66.06       66.05       66.04       66.03       66.02       66.00       65.99    
        65.97       65.95       65.92       65.90       65.87       65.85       65.82       65.78       65.75       65.71    
        65.67       65.63       65.59       65.55       65.50       65.46       65.41       65.36       65.30       65.25    
        65.19       65.13       65.07       65.00       64.94       64.87       64.80       64.73       64.66       64.58    
        64.51       64.43       64.34       64.26       64.17       64.09       64.00       63.90       63.81       63.71    
        63.61       63.51       63.41       63.30       63.19       63.08       62.97       62.85       62.73       62.61    
        62.49       62.37       62.24       62.11       61.97       61.84       61.70       61.55       61.41       61.26    
        61.11       60.96       60.80       60.65       60.49       60.32       60.16       59.99       59.82       59.65    
        59.48       59.30       59.13       58.95       58.78       58.60       58.44       58.28       58.13       58.01    
        57.90       57.84       57.81       57.79       57.80       57.81       57.84       57.88       57.93       58.00    
  43    66.07       66.07       66.07       66.06       66.05       66.04       66.03       66.02       66.00       65.99    
        65.97       65.95       65.92       65.90       65.87       65.84       65.81       65.78       65.75       65.71    
        65.67       65.63       65.59       65.55       65.50       65.46       65.41       65.35       65.30       65.25    
        65.19       65.13       65.07       65.00       64.94       64.87       64.80       64.73       64.66       64.58    
        64.50       64.42       64.34       64.26       64.17       64.08       63.99       63.90       63.80       63.71    
        63.61       63.51       63.40       63.30       63.19       63.08       62.96       62.85       62.73       62.61    
        62.48       62.36       62.23       62.09       61.96       61.82       61.68       61.54       61.39       61.25    
        61.09       60.94       60.78       60.62       60.46       60.30       60.13       59.96       59.79       59.62    
        59.44       59.26       59.08       58.91       58.73       58.56       58.39       58.24       58.09       57.97    
        57.87       57.81       57.77       57.76       57.76       57.78       57.82       57.86       57.93       58.00    
  44    66.07       66.07       66.07       66.06       66.05       66.04       66.03       66.02       66.00       65.99    
        65.97       65.95       65.92       65.90       65.87       65.84       65.81       65.78       65.75       65.71    
        65.67       65.63       65.59       65.55       65.50       65.45       65.40       65.35       65.30       65.24    
        65.19       65.13       65.07       65.00       64.94       64.87       64.80       64.73       64.65       64.58    
        64.50       64.42       64.34       64.25       64.17       64.08       63.99       63.90       63.80       63.70    
        63.60       63.50       63.40       63.29       63.18       63.07       62.96       62.84       62.72       62.60    
        62.47       62.35       62.22       62.08       61.95       61.81       61.67       61.53       61.38       61.23    
        61.08       60.92       60.76       60.60       60.44       60.27       60.10       59.93       59.76       59.58    
        59.41       59.23       59.05       58.87       58.69       58.52       58.35       58.20       58.06       57.94    
        57.85       57.78       57.74       57.73       57.73       57.76       57.80       57.85       57.92       58.00    
  45    66.07       66.07       66.07       66.06       66.05       66.04       66.03       66.02       66.00       65.99    
        65.97       65.95       65.92       65.90       65.87       65.84       65.81       65.78       65.75       65.71    
        65.67       65.63       65.59       65.55       65.50       65.45       65.40       65.35       65.30       65.24    
        65.19       65.13       65.06       65.00       64.94       64.87       64.80       64.73       64.65       64.58    
        64.50       64.42       64.34       64.25       64.17       64.08       63.99       63.89       63.80       63.70    
        63.60       63.50       63.39       63.29       63.18       63.06       62.95       62.83       62.71       62.59    
        62.47       62.34       62.21       62.08       61.94       61.80       61.66       61.51       61.37       61.22    
        61.06       60.91       60.75       60.58       60.42       60.25       60.08       59.91       59.73       59.56    
        59.38       59.20       59.01       58.83       58.66       58.48       58.32       58.16       58.03       57.91    
        57.82       57.75       57.72       57.70       57.71       57.74       57.78       57.84       57.91       58.00    
  46    66.07       66.07       66.06       66.06       66.05       66.04       66.03       66.02       66.00       65.99    
        65.97       65.95       65.92       65.90       65.87       65.84       65.81       65.78       65.75       65.71    
        65.67       65.63       65.59       65.55       65.50       65.45       65.40       65.35       65.30       65.24    
        65.18       65.12       65.06       65.00       64.93       64.87       64.80       64.72       64.65       64.57    
        64.50       64.42       64.33       64.25       64.16       64.07       63.98       63.89       63.79       63.70    
        63.60       63.49       63.39       63.28       63.17       63.06       62.95       62.83       62.71       62.59    
        62.46       62.33       62.20       62.07       61.93       61.79       61.65       61.50       61.36       61.20    
        61.05       60.89       60.73       60.57       60.40       60.23       60.06       59.89       59.71       59.53    
        59.35       59.17       58.99       58.80       58.63       58.45       58.29       58.13       58.00       57.88    
        57.79       57.73       57.69       57.68       57.69       57.72       57.76       57.83       57.91       58.00    
  47    66.07       66.07       66.06       66.06       66.05       66.04       66.03       66.02       66.00       65.98    
        65.97       65.95       65.92       65.90       65.87       65.84       65.81       65.78       65.75       65.71    
        65.67       65.63       65.59       65.55       65.50       65.45       65.40       65.35       65.30       65.24    
        65.18       65.12       65.06       65.00       64.93       64.87       64.80       64.72       64.65       64.57    
        64.50       64.42       64.33       64.25       64.16       64.07       63.98       63.89       63.79       63.69    
        63.59       63.49       63.39       63.28       63.17       63.06       62.94       62.82       62.70       62.58    
        62.46       62.33       62.20       62.06       61.92       61.78       61.64       61.50       61.35       61.19    
        61.04       60.88       60.72       60.56       60.39       60.22       60.05       59.87       59.69       59.51    
        59.33       59.15       58.96       58.78       58.60       58.42       58.26       58.10       57.97       57.85    
        57.76       57.70       57.66       57.65       57.67       57.70       57.75       57.82       57.90       58.00    
  48    66.07       66.07       66.06       66.06       66.05       66.04       66.03       66.02       66.00       65.98    
        65.97       65.94       65.92       65.90       65.87       65.84       65.81       65.78       65.75       65.71    
        65.67       65.63       65.59       65.55       65.50       65.45       65.40       65.35       65.30       65.24    
        65.18       65.12       65.06       65.00       64.93       64.86       64.79       64.72       64.65       64.57    
        64.49       64.41       64.33       64.25       64.16       64.07       63.98       63.89       63.79       63.69    
        63.59       63.49       63.38       63.28       63.17       63.05       62.94       62.82       62.70       62.58    
        62.45       62.32       62.19       62.06       61.92       61.78       61.64       61.49       61.34       61.19    
        61.03       60.87       60.71       60.55       60.38       60.21       60.03       59.86       59.68       59.50    
        59.32       59.13       58.94       58.76       58.58       58.40       58.23       58.08       57.94       57.82    
        57.73       57.67       57.64       57.63       57.65       57.68       57.74       57.81       57.90       58.00    
  49    66.07       66.07       66.06       66.06       66.05       66.04       66.03       66.02       66.00       65.98    
        65.97       65.94       65.92       65.90       65.87       65.84       65.81       65.78       65.75       65.71    
        65.67       65.63       65.59       65.54       65.50       65.45       65.40       65.35       65.30       65.24    
        65.18       65.12       65.06       65.00       64.93       64.86       64.79       64.72       64.65       64.57    
        64.49       64.41       64.33       64.25       64.16       64.07       63.98       63.88       63.79       63.69    
        63.59       63.49       63.38       63.27       63.16       63.05       62.94       62.82       62.70       62.57    
        62.45       62.32       62.19       62.05       61.91       61.77       61.63       61.48       61.33       61.18    
        61.03       60.87       60.70       60.54       60.37       60.20       60.03       59.85       59.67       59.49    
        59.30       59.12       58.93       58.74       58.56       58.38       58.21       58.05       57.91       57.79    
        57.69       57.64       57.61       57.61       57.63       57.67       57.73       57.80       57.89       58.00    
  50    66.07       66.07       66.06       66.06       66.05       66.04       66.03       66.02       66.00       65.98    
        65.97       65.94       65.92       65.90       65.87       65.84       65.81       65.78       65.74       65.71    
        65.67       65.63       65.59       65.54       65.50       65.45       65.40       65.35       65.30       65.24    
        65.18       65.12       65.06       65.00       64.93       64.86       64.79       64.72       64.65       64.57    
        64.49       64.41       64.33       64.25       64.16       64.07       63.98       63.88       63.79       63.69    
        63.59       63.49       63.38       63.27       63.16       63.05       62.93       62.82       62.70       62.57    
        62.45       62.32       62.19       62.05       61.91       61.77       61.63       61.48       61.33       61.18    
        61.02       60.86       60.70       60.53       60.37       60.19       60.02       59.84       59.66       59.48    
        59.30       59.11       58.92       58.74       58.55       58.37       58.20       58.04       57.89       57.76    
        57.67       57.61       57.59       57.60       57.62       57.66       57.72       57.80       57.89       58.00    
  51    66.07       66.07       66.06       66.06       66.05       66.04       66.03       66.02       66.00       65.98    
        65.97       65.94       65.92       65.90       65.87       65.84       65.81       65.78       65.74       65.71    
        65.67       65.63       65.59       65.54       65.50       65.45       65.40       65.35       65.30       65.24    
        65.18       65.12       65.06       65.00       64.93       64.86       64.79       64.72       64.65       64.57    
        64.49       64.41       64.33       64.24       64.16       64.07       63.98       63.88       63.79       63.69    
        63.59       63.49       63.38       63.27       63.16       63.05       62.93       62.82       62.70       62.57    
        62.45       62.32       62.18       62.05       61.91       61.77       61.63       61.48       61.33       61.18    
        61.02       60.86       60.70       60.53       60.36       60.19       60.02       59.84       59.66       59.48    
        59.29       59.11       58.92       58.73       58.55       58.37       58.19       58.03       57.88       57.75    
        57.65       57.60       57.58       57.59       57.62       57.66       57.72       57.80       57.89       58.00    
  52    66.07       66.07       66.06       66.06       66.05       66.04       66.03       66.02       66.00       65.98    
        65.96       65.94       65.92       65.90       65.87       65.84       65.81       65.78       65.74       65.71    
        65.67       65.63       65.59       65.54       65.50       65.45       65.40       65.35       65.30       65.24    
        65.18       65.12       65.06       65.00       64.93       64.86       64.79       64.72       64.65       64.57    
        64.49       64.41       64.33       64.24       64.16       64.07       63.98       63.88       63.79       63.69    
        63.59       63.49       63.38       63.27       63.16       63.05       62.93       62.82       62.70       62.57    
        62.45       62.32       62.18       62.05       61.91       61.77       61.63       61.48       61.33       61.18    
        61.02       60.86       60.70       60.53       60.36       60.19       60.02       59.84       59.66       59.48    
        59.30       59.11       58.92       58.74       58.55       58.37       58.20       58.04       57.89       57.76    
        57.67       57.61       57.59       57.60       57.62       57.66       57.72       57.80       57.89       58.00    
  53    66.07       66.07       66.06       66.06       66.05       66.04       66.03       66.02       66.00       65.98    
        65.96       65.94       65.92       65.90       65.87       65.84       65.81       65.78       65.74       65.71    
        65.67       65.63       65.59       65.54       65.50       65.45       65.40       65.35       65.30       65.24    
        65.18       65.12       65.06       65.00       64.93       64.86       64.79       64.72       64.65       64.57    
        64.49       64.41       64.33       64.25       64.16       64.07       63.98       63.88       63.79       63.69    
        63.59       63.49       63.38       63.27       63.16       63.05       62.94       62.82       62.70       62.57    
        62.45       62.32       62.19       62.05       61.91       61.77       61.63       61.48       61.33       61.18    
        61.02       60.87       60.70       60.54       60.37       60.20       60.03       59.85       59.67       59.49    
        59.30       59.12       58.93       58.74       58.56       58.38       58.21       58.05       57.91       57.79    
        57.69       57.64       57.61       57.61       57.63       57.67       57.73       57.80       57.89       58.00    
  54    66.07       66.07       66.06       66.06       66.05       66.04       66.03       66.02       66.00       65.98    
        65.96       65.94       65.92       65.90       65.87       65.84       65.81       65.78       65.74       65.71    
        65.67       65.63       65.59       65.54       65.50       65.45       65.40       65.35       65.30       65.24    
        65.18       65.12       65.06       65.00       64.93       64.86       64.79       64.72       64.65       64.57    
        64.49       64.41       64.33       64.25       64.16       64.07       63.98       63.89       63.79       63.69    
        63.59       63.49       63.38       63.28       63.17       63.05       62.94       62.82       62.70       62.58    
        62.45       62.32       62.19       62.06       61.92       61.78       61.63       61.49       61.34       61.19    
        61.03       60.87       60.71       60.54       60.38       60.21       60.03       59.86       59.68       59.50    
        59.31       59.13       58.94       58.76       58.58       58.40       58.23       58.08       57.94       57.82    
        57.73       57.67       57.64       57.63       57.65       57.68       57.74       57.81       57.90       58.00    
  55    66.07       66.07       66.06       66.06       66.05       66.04       66.03       66.02       66.00       65.98    
        65.96       65.94       65.92       65.90       65.87       65.84       65.81       65.78       65.74       65.71    
        65.67       65.63       65.59       65.54       65.50       65.45       65.40       65.35       65.30       65.24    
        65.18       65.12       65.06       65.00       64.93       64.86       64.79       64.72       64.65       64.57    
        64.49       64.41       64.33       64.25       64.16       64.07       63.98       63.89       63.79       63.69    
        63.59       63.49       63.38       63.28       63.17       63.05       62.94       62.82       62.70       62.58    
        62.45       62.33       62.19       62.06       61.92       61.78       61.64       61.49       61.35       61.19    
        61.04       60.88       60.72       60.55       60.39       60.22       60.05       59.87       59.69       59.51    
        59.33       59.15       58.96       58.78       58.60       58.42       58.26       58.10       57.96       57.85    
        57.76       57.70       57.66       57.65       57.67       57.70       57.75       57.82       57.90       58.00    
  56    66.07       66.07       66.06       66.06       66.05       66.04       66.03       66.02       66.00       65.98    
        65.97       65.94       65.92       65.90       65.87       65.84       65.81       65.78       65.74       65.71    
        65.67       65.63       65.59       65.54       65.50       65.45       65.40       65.35       65.30       65.24    
        65.18       65.12       65.06       65.00       64.93       64.86       64.79       64.72       64.65       64.57    
        64.50       64.41       64.33       64.25       64.16       64.07       63.98       63.89       63.79       63.70    
        63.59       63.49       63.39       63.28       63.17       63.06       62.94       62.83       62.71       62.58    
        62.46       62.33       62.20       62.07       61.93       61.79       61.65       61.50       61.35       61.20    
        61.05       60.89       60.73       60.57       60.40       60.23       60.06       59.89       59.71       59.53    
        59.35       59.17       58.98       58.80       58.62       58.45       58.28       58.13       58.00       57.88    
        57.79       57.73       57.69       57.68       57.69       57.72       57.76       57.83       57.90       58.00    
  57    66.07       66.07       66.06       66.06       66.05       66.04       66.03       66.02       66.00       65.98    
        65.97       65.94       65.92       65.90       65.87       65.84       65.81       65.78       65.75       65.71    
        65.67       65.63       65.59       65.55       65.50       65.45       65.40       65.35       65.30       65.24    
        65.18       65.12       65.06       65.00       64.93       64.87       64.80       64.72       64.65       64.57    
        64.50       64.42       64.33       64.25       64.16       64.07       63.98       63.89       63.80       63.70    
        63.60       63.50       63.39       63.28       63.17       63.06       62.95       62.83       62.71       62.59    
        62.46       62.34       62.21       62.07       61.94       61.80       61.66       61.51       61.36       61.21    
        61.06       60.90       60.74       60.58       60.42       60.25       60.08       59.91       59.73       59.56    
        59.38       59.19       59.01       58.83       58.65       58.48       58.32       58.16       58.03       57.91    
        57.82       57.75       57.72       57.70       57.71       57.74       57.78       57.84       57.91       58.00    
  58    66.07       66.07       66.06       66.06       66.05       66.04       66.03       66.02       66.00       65.98    
        65.97       65.94       65.92       65.90       65.87       65.84       65.81       65.78       65.75       65.71    
        65.67       65.63       65.59       65.55       65.50       65.45       65.40       65.35       65.30       65.24    
        65.18       65.12       65.06       65.00       64.93       64.87       64.80       64.73       64.65       64.58    
        64.50       64.42       64.34       64.25       64.17       64.08       63.99       63.89       63.80       63.70    
        63.60       63.50       63.39       63.29       63.18       63.07       62.95       62.84       62.72       62.60    
        62.47       62.34       62.21       62.08       61.95       61.81       61.67       61.52       61.38       61.23    
        61.07       60.92       60.76       60.60       60.44       60.27       60.10       59.93       59.76       59.58    
        59.40       59.22       59.04       58.87       58.69       58.52       58.35       58.20       58.06       57.94    
        57.84       57.78       57.74       57.73       57.73       57.76       57.80       57.85       57.92       58.00    
  59    66.07       66.07       66.06       66.06       66.05       66.04       66.03       66.02       66.00       65.98    
        65.97       65.94       65.92       65.90       65.87       65.84       65.81       65.78       65.75       65.71    
        65.67       65.63       65.59       65.55       65.50       65.45       65.40       65.35       65.30       65.24    
        65.19       65.13       65.06       65.00       64.94       64.87       64.80       64.73       64.65       64.58    
        64.50       64.42       64.34       64.25       64.17       64.08       63.99       63.90       63.80       63.70    
        63.60       63.50       63.40       63.29       63.18       63.07       62.96       62.84       62.72       62.60    
        62.48       62.35       62.22       62.09       61.96       61.82       61.68       61.54       61.39       61.24    
        61.09       60.94       60.78       60.62       60.46       60.29       60.13       59.96       59.79       59.61    
        59.44       59.26       59.08       58.90       58.73       58.56       58.39       58.23       58.09       57.97    
        57.87       57.81       57.77       57.76       57.76       57.78       57.82       57.86       57.93       58.00    
  60    66.07       66.07       66.06       66.06       66.05       66.04       66.03       66.02       66.00       65.98    
        65.97       65.95       65.92       65.90       65.87       65.84       65.81       65.78       65.75       65.71    
        65.67       65.63       65.59       65.55       65.50       65.45       65.40       65.35       65.30       65.24    
        65.19       65.13       65.07       65.00       64.94       64.87       64.80       64.73       64.66       64.58    
        64.50       64.42       64.34       64.26       64.17       64.08       63.99       63.90       63.81       63.71    
        63.61       63.51       63.40       63.30       63.19       63.08       62.97       62.85       62.73       62.61    
        62.49       62.36       62.23       62.10       61.97       61.83       61.69       61.55       61.41       61.26    
        61.11       60.96       60.80       60.64       60.48       60.32       60.15       59.99       59.82       59.65    
        59.47       59.30       59.12       58.95       58.77       58.60       58.44       58.28       58.13       58.00    
        57.90       57.84       57.81       57.79       57.79       57.81       57.84       57.88       57.93       58.00    
  61    66.07       66.07       66.06       66.06       66.05       66.04       66.03       66.02       66.00       65.99    
        65.97       65.95       65.92       65.90       65.87       65.84       65.81       65.78       65.75       65.71    
        65.67       65.63       65.59       65.55       65.50       65.45       65.41       65.35       65.30       65.24    
        65.19       65.13       65.07       65.00       64.94       64.87       64.80       64.73       64.66       64.58    
        64.50       64.43       64.34       64.26       64.17       64.09       64.00       63.90       63.81       63.71    
        63.61       63.51       63.41       63.30       63.20       63.09       62.97       62.86       62.74       62.62    
        62.50       62.37       62.24       62.11       61.98       61.85       61.71       61.57       61.42       61.28    
        61.13       60.98       60.82       60.67       60.51       60.35       60.19       60.02       59.85       59.69    
        59.51       59.34       59.17       59.00       58.82       58.66       58.49       58.33       58.19       58.05    
        57.94       57.89       57.85       57.84       57.83       57.85       57.87       57.90       57.94       58.00    
  62    66.07       66.07       66.06       66.06       66.05       66.04       66.03       66.02       66.00       65.99    
        65.97       65.95       65.92       65.90       65.87       65.84       65.81       65.78       65.75       65.71    
        65.67       65.63       65.59       65.55       65.50       65.46       65.41       65.35       65.30       65.25    
        65.19       65.13       65.07       65.01       64.94       64.87       64.80       64.73       64.66       64.58    
        64.51       64.43       64.35       64.26       64.18       64.09       64.00       63.91       63.81       63.72    
        63.62       63.52       63.42       63.31       63.20       63.09       62.98       62.87       62.75       62.63    
        62.51       62.38       62.26       62.13       62.00       61.86       61.72       61.58       61.44       61.30    
        61.15       61.00       60.85       60.69       60.54       60.38       60.22       60.06       59.89       59.73    
        59.56       59.39       59.22       59.05       58.88       58.72       58.55       58.40       58.26       58.13    
        58.02       57.96       57.92       57.89       57.88       57.89       57.90       57.92       57.96       58.00    
  63    66.07       66.07       66.07       66.06       66.05       66.04       66.03       66.02       66.00       65.99    
        65.97       65.95       65.92       65.90       65.87       65.84       65.81       65.78       65.75       65.71    
        65.67       65.63       65.59       65.55       65.50       65.46       65.41       65.36       65.30       65.25    
        65.19       65.13       65.07       65.01       64.94       64.88       64.81       64.74       64.66       64.59    
        64.51       64.43       64.35       64.27       64.18       64.09       64.00       63.91       63.82       63.72    
        63.62       63.52       63.42       63.32       63.21       63.10       62.99       62.87       62.76       62.64    
        62.52       62.40       62.27       62.14       62.01       61.88       61.74       61.60       61.46       61.32    
        61.17       61.03       60.88       60.72       60.57       60.41       60.25       60.09       59.93       59.77    
        59.61       59.44       59.27       59.11       58.94       58.78       58.63       58.48       58.34       58.21    
        58.11       58.04       57.99       57.96       57.94       57.93       57.93       57.95       57.97       58.00    
  64    66.07       66.07       66.07       66.06       66.05       66.04       66.03       66.02       66.00       65.99    
        65.97       65.95       65.92       65.90       65.87       65.85       65.81       65.78       65.75       65.71    
        65.68       65.64       65.59       65.55       65.50       65.46       65.41       65.36       65.30       65.25    
        65.19       65.13       65.07       65.01       64.94       64.88       64.81       64.74       64.66       64.59    
        64.51       64.43       64.35       64.27       64.18       64.10       64.01       63.92       63.82       63.73    
        63.63       63.53       63.43       63.32       63.22       63.11       63.00       62.88       62.77       62.65    
        62.53       62.41       62.28       62.16       62.03       61.89       61.76       61.62       61.48       61.34    
        61.20       61.05       60.90       60.75       60.60       60.45       60.29       60.13       59.98       59.82    
        59.66       59.49       59.33       59.17       59.01       58.85       58.70       58.56       58.43       58.31    
        58.21       58.13       58.07       58.03       58.00       57.98       57.97       57.97       57.98       58.00    
  65    66.07       66.07       66.07       66.06       66.05       66.04       66.03       66.02       66.00       65.99    
        65.97       65.95       65.92       65.90       65.87       65.85       65.82       65.78       65.75       65.71    
        65.68       65.64       65.59       65.55       65.51       65.46       65.41       65.36       65.31       65.25    
        65.19       65.13       65.07       65.01       64.95       64.88       64.81       64.74       64.67       64.59    
        64.52       64.44       64.36       64.27       64.19       64.10       64.01       63.92       63.83       63.73    
        63.64       63.54       63.44       63.33       63.23       63.12       63.01       62.89       62.78       62.66    
        62.54       62.42       62.30       62.17       62.04       61.91       61.78       61.64       61.51       61.37    
        61.22       61.08       60.93       60.78       60.63       60.48       60.33       60.18       60.02       59.86    
        59.71       59.55       59.39       59.23       59.08       58.93       58.78       58.64       58.51       58.40    
        58.30       58.22       58.15       58.10       58.06       58.03       58.01       58.00       58.00       58.00    
  66    66.07       66.07       66.07       66.06       66.05       66.04       66.03       66.02       66.00       65.99    
        65.97       65.95       65.93       65.90       65.87       65.85       65.82       65.78       65.75       65.71    
        65.68       65.64       65.60       65.55       65.51       65.46       65.41       65.36       65.31       65.25    
        65.20       65.14       65.08       65.01       64.95       64.88       64.81       64.74       64.67       64.60    
        64.52       64.44       64.36       64.28       64.19       64.11       64.02       63.93       63.83       63.74    
        63.64       63.54       63.44       63.34       63.23       63.13       63.02       62.91       62.79       62.67    
        62.56       62.44       62.31       62.19       62.06       61.93       61.80       61.66       61.53       61.39    
        61.25       61.11       60.96       60.82       60.67       60.52       60.37       60.22       60.07       59.91    
        59.76       59.61       59.45       59.30       59.15       59.00       58.86       58.73       58.60       58.49    
        58.39       58.30       58.23       58.17       58.12       58.09       58.05       58.03       58.01       58.00    
  67    66.07       66.07       66.07       66.06       66.05       66.04       66.03       66.02       66.00       65.99    
        65.97       65.95       65.93       65.90       65.88       65.85       65.82       65.79       65.75       65.72    
        65.68       65.64       65.60       65.55       65.51       65.46       65.41       65.36       65.31       65.25    
        65.20       65.14       65.08       65.02       64.95       64.88       64.82       64.75       64.67       64.60    
        64.52       64.44       64.36       64.28       64.20       64.11       64.02       63.93       63.84       63.75    
        63.65       63.55       63.45       63.35       63.24       63.14       63.03       62.92       62.80       62.69    
        62.57       62.45       62.33       62.20       62.08       61.95       61.82       61.69       61.55       61.41    
        61.28       61.14       60.99       60.85       60.70       60.56       60.41       60.26       60.11       59.96    
        59.81       59.66       59.52       59.37       59.22       59.08       58.94       58.81       58.69       58.58    
        58.48       58.39       58.31       58.24       58.19       58.14       58.10       58.06       58.03       58.00    
  68    66.07       66.07       66.07       66.06       66.05       66.04       66.03       66.02       66.01       65.99    
        65.97       65.95       65.93       65.90       65.88       65.85       65.82       65.79       65.75       65.72    
        65.68       65.64       65.60       65.55       65.51       65.46       65.41       65.36       65.31       65.26    
        65.20       65.14       65.08       65.02       64.95       64.89       64.82       64.75       64.68       64.60    
        64.53       64.45       64.37       64.29       64.20       64.12       64.03       63.94       63.85       63.75    
        63.66       63.56       63.46       63.36       63.25       63.15       63.04       62.93       62.81       62.70    
        62.58       62.46       62.34       62.22       62.10       61.97       61.84       61.71       61.58       61.44    
        61.30       61.17       61.03       60.88       60.74       60.60       60.45       60.31       60.16       60.01    
        59.87       59.72       59.58       59.43       59.29       59.15       59.02       58.89       58.77       58.66    
        58.56       58.47       58.39       58.31       58.25       58.19       58.14       58.09       58.04       58.00    
  69    66.07       66.07       66.07       66.06       66.05       66.05       66.03       66.02       66.01       65.99    
        65.97       65.95       65.93       65.90       65.88       65.85       65.82       65.79       65.75       65.72    
        65.68       65.64       65.60       65.56       65.51       65.46       65.42       65.36       65.31       65.26    
        65.20       65.14       65.08       65.02       64.96       64.89       64.82       64.75       64.68       64.61    
        64.53       64.45       64.37       64.29       64.21       64.12       64.03       63.95       63.85       63.76    
        63.66       63.57       63.47       63.37       63.26       63.16       63.05       62.94       62.83       62.71    
        62.60       62.48       62.36       62.24       62.11       61.99       61.86       61.73       61.60       61.47    
        61.33       61.20       61.06       60.92       60.78       60.64       60.49       60.35       60.21       60.07    
        59.92       59.78       59.64       59.50       59.36       59.23       59.10       58.97       58.85       58.74    
        58.64       58.54       58.46       58.38       58.30       58.24       58.17       58.11       58.06       58.00    
  70    66.07       66.07       66.07       66.06       66.06       66.05       66.03       66.02       66.01       65.99    
        65.97       65.95       65.93       65.90       65.88       65.85       65.82       65.79       65.75       65.72    
        65.68       65.64       65.60       65.56       65.51       65.47       65.42       65.37       65.31       65.26    
        65.20       65.14       65.08       65.02       64.96       64.89       64.82       64.75       64.68       64.61    
        64.53       64.46       64.38       64.30       64.21       64.13       64.04       63.95       63.86       63.77    
        63.67       63.57       63.48       63.37       63.27       63.17       63.06       62.95       62.84       62.73    
        62.61       62.50       62.38       62.26       62.13       62.01       61.88       61.75       61.62       61.49    
        61.36       61.23       61.09       60.95       60.81       60.68       60.54       60.40       60.26       60.12    
        59.98       59.84       59.70       59.56       59.43       59.30       59.17       59.05       58.93       58.82    
        58.71       58.62       58.52       58.44       58.36       58.28       58.21       58.14       58.07       58.00    
  71    66.07       66.07       66.07       66.06       66.06       66.05       66.04       66.02       66.01       65.99    
        65.97       65.95       65.93       65.90       65.88       65.85       65.82       65.79       65.76       65.72    
        65.68       65.64       65.60       65.56       65.51       65.47       65.42       65.37       65.32       65.26    
        65.20       65.15       65.09       65.02       64.96       64.90       64.83       64.76       64.69       64.61    
        64.54       64.46       64.38       64.30       64.22       64.13       64.05       63.96       63.87       63.77    
        63.68       63.58       63.48       63.38       63.28       63.18       63.07       62.96       62.85       62.74    
        62.63       62.51       62.39       62.27       62.15       62.03       61.90       61.78       61.65       61.52    
        61.39       61.26       61.12       60.99       60.85       60.71       60.58       60.44       60.30       60.16    
        60.03       59.89       59.76       59.62       59.49       59.36       59.24       59.12       59.00       58.89    
        58.78       58.68       58.59       58.50       58.41       58.33       58.24       58.16       58.08       58.00    
  72    66.07       66.07       66.07       66.06       66.06       66.05       66.04       66.02       66.01       65.99    
        65.97       65.95       65.93       65.91       65.88       65.85       65.82       65.79       65.76       65.72    
        65.68       65.64       65.60       65.56       65.52       65.47       65.42       65.37       65.32       65.26    
        65.21       65.15       65.09       65.03       64.96       64.90       64.83       64.76       64.69       64.62    
        64.54       64.47       64.39       64.31       64.22       64.14       64.05       63.96       63.87       63.78    
        63.69       63.59       63.49       63.39       63.29       63.19       63.08       62.98       62.87       62.75    
        62.64       62.53       62.41       62.29       62.17       62.05       61.93       61.80       61.67       61.55    
        61.42       61.29       61.15       61.02       60.89       60.75       60.62       60.48       60.35       60.21    
        60.08       59.95       59.81       59.68       59.55       59.43       59.30       59.18       59.07       58.96    
        58.85       58.74       58.65       58.55       58.46       58.37       58.28       58.19       58.10       58.00    
  73    66.08       66.07       66.07       66.06       66.06       66.05       66.04       66.02       66.01       65.99    
        65.97       65.95       65.93       65.91       65.88       65.85       65.82       65.79       65.76       65.72    
        65.68       65.65       65.60       65.56       65.52       65.47       65.42       65.37       65.32       65.27    
        65.21       65.15       65.09       65.03       64.97       64.90       64.83       64.76       64.69       64.62    
        64.55       64.47       64.39       64.31       64.23       64.14       64.06       63.97       63.88       63.79    
        63.69       63.60       63.50       63.40       63.30       63.20       63.09       62.99       62.88       62.77    
        62.66       62.54       62.43       62.31       62.19       62.07       61.95       61.82       61.70       61.57    
        61.44       61.32       61.19       61.05       60.92       60.79       60.66       60.52       60.39       60.26    
        60.13       60.00       59.87       59.74       59.61       59.49       59.37       59.25       59.13       59.02    
        58.91       58.80       58.70       58.60       58.50       58.40       58.31       58.21       58.11       58.00    
  74    66.08       66.07       66.07       66.06       66.06       66.05       66.04       66.02       66.01       65.99    
        65.97       65.95       65.93       65.91       65.88       65.85       65.82       65.79       65.76       65.72    
        65.69       65.65       65.61       65.56       65.52       65.47       65.42       65.37       65.32       65.27    
        65.21       65.15       65.09       65.03       64.97       64.90       64.84       64.77       64.70       64.62    
        64.55       64.47       64.40       64.32       64.23       64.15       64.06       63.98       63.89       63.80    
        63.70       63.61       63.51       63.41       63.31       63.21       63.11       63.00       62.89       62.78    
        62.67       62.56       62.44       62.33       62.21       62.09       61.97       61.85       61.72       61.60    
        61.47       61.35       61.22       61.09       60.96       60.83       60.70       60.57       60.44       60.31    
        60.18       60.05       59.92       59.79       59.67       59.55       59.42       59.31       59.19       59.08    
        58.97       58.86       58.75       58.65       58.54       58.44       58.34       58.23       58.12       58.00    
  75    66.08       66.07       66.07       66.07       66.06       66.05       66.04       66.02       66.01       65.99    
        65.97       65.95       65.93       65.91       65.88       65.85       65.82       65.79       65.76       65.72    
        65.69       65.65       65.61       65.56       65.52       65.47       65.43       65.37       65.32       65.27    
        65.21       65.16       65.10       65.04       64.97       64.91       64.84       64.77       64.70       64.63    
        64.55       64.48       64.40       64.32       64.24       64.16       64.07       63.98       63.89       63.80    
        63.71       63.62       63.52       63.42       63.32       63.22       63.12       63.01       62.91       62.80    
        62.69       62.57       62.46       62.35       62.23       62.11       61.99       61.87       61.75       61.62    
        61.50       61.37       61.25       61.12       60.99       60.86       60.73       60.61       60.48       60.35    
        60.22       60.09       59.97       59.84       59.72       59.60       59.48       59.36       59.24       59.13    
        59.02       58.91       58.80       58.69       58.58       58.47       58.36       58.25       58.13       58.00    
  76    66.08       66.08       66.07       66.07       66.06       66.05       66.04       66.03       66.01       65.99    
        65.98       65.95       65.93       65.91       65.88       65.85       65.83       65.79       65.76       65.73    
        65.69       65.65       65.61       65.57       65.52       65.47       65.43       65.38       65.32       65.27    
        65.22       65.16       65.10       65.04       64.97       64.91       64.84       64.77       64.70       64.63    
        64.56       64.48       64.41       64.33       64.24       64.16       64.08       63.99       63.90       63.81    
        63.72       63.62       63.53       63.43       63.33       63.23       63.13       63.02       62.92       62.81    
        62.70       62.59       62.48       62.36       62.25       62.13       62.01       61.89       61.77       61.65    
        61.53       61.40       61.28       61.15       61.03       60.90       60.77       60.64       60.52       60.39    
        60.27       60.14       60.02       59.89       59.77       59.65       59.53       59.41       59.30       59.18    
        59.07       58.95       58.84       58.73       58.62       58.50       58.38       58.26       58.14       58.00    
  77    66.08       66.08       66.07       66.07       66.06       66.05       66.04       66.03       66.01       65.99    
        65.98       65.96       65.93       65.91       65.88       65.86       65.83       65.79       65.76       65.73    
        65.69       65.65       65.61       65.57       65.52       65.48       65.43       65.38       65.33       65.27    
        65.22       65.16       65.10       65.04       64.98       64.91       64.85       64.78       64.71       64.64    
        64.56       64.49       64.41       64.33       64.25       64.17       64.08       64.00       63.91       63.82    
        63.73       63.63       63.54       63.44       63.34       63.24       63.14       63.04       62.93       62.82    
        62.72       62.61       62.49       62.38       62.27       62.15       62.03       61.91       61.79       61.67    
        61.55       61.43       61.31       61.18       61.06       60.93       60.81       60.68       60.56       60.43    
        60.31       60.18       60.06       59.94       59.82       59.70       59.58       59.46       59.34       59.23    
        59.11       59.00       58.88       58.77       58.65       58.53       58.41       58.28       58.14       58.00    
  78    66.08       66.08       66.07       66.07       66.06       66.05       66.04       66.03       66.01       66.00    
        65.98       65.96       65.93       65.91       65.88       65.86       65.83       65.80       65.76       65.73    
        65.69       65.65       65.61       65.57       65.52       65.48       65.43       65.38       65.33       65.28    
        65.22       65.16       65.10       65.04       64.98       64.92       64.85       64.78       64.71       64.64    
        64.57       64.49       64.41       64.34       64.25       64.17       64.09       64.00       63.91       63.82    
        63.73       63.64       63.55       63.45       63.35       63.25       63.15       63.05       62.94       62.84    
        62.73       62.62       62.51       62.40       62.28       62.17       62.05       61.94       61.82       61.70    
        61.58       61.46       61.33       61.21       61.09       60.96       60.84       60.72       60.59       60.47    
        60.35       60.22       60.10       59.98       59.86       59.74       59.62       59.50       59.39       59.27    
        59.15       59.04       58.92       58.80       58.68       58.56       58.43       58.29       58.15       58.00    
  79    66.08       66.08       66.07       66.07       66.06       66.05       66.04       66.03       66.01       66.00    
        65.98       65.96       65.93       65.91       65.89       65.86       65.83       65.80       65.76       65.73    
        65.69       65.65       65.61       65.57       65.53       65.48       65.43       65.38       65.33       65.28    
        65.22       65.17       65.11       65.05       64.98       64.92       64.85       64.79       64.72       64.64    
        64.57       64.50       64.42       64.34       64.26       64.18       64.09       64.01       63.92       63.83    
        63.74       63.65       63.55       63.46       63.36       63.26       63.16       63.06       62.96       62.85    
        62.74       62.63       62.53       62.41       62.30       62.19       62.07       61.96       61.84       61.72    
        61.60       61.48       61.36       61.24       61.12       61.00       60.87       60.75       60.63       60.51    
        60.38       60.26       60.14       60.02       59.90       59.78       59.66       59.55       59.43       59.31    
        59.19       59.07       58.95       58.83       58.71       58.58       58.45       58.31       58.16       58.00    
  80    66.08       66.08       66.07       66.07       66.06       66.05       66.04       66.03       66.01       66.00    
        65.98       65.96       65.94       65.91       65.89       65.86       65.83       65.80       65.76       65.73    
        65.69       65.65       65.61       65.57       65.53       65.48       65.43       65.38       65.33       65.28    
        65.22       65.17       65.11       65.05       64.99       64.92       64.86       64.79       64.72       64.65    
        64.57       64.50       64.42       64.35       64.26       64.18       64.10       64.01       63.93       63.84    
        63.75       63.66       63.56       63.47       63.37       63.27       63.17       63.07       62.97       62.86    
        62.76       62.65       62.54       62.43       62.32       62.21       62.09       61.98       61.86       61.74    
        61.63       61.51       61.39       61.27       61.15       61.03       60.90       60.78       60.66       60.54    
        60.42       60.30       60.18       60.06       59.94       59.82       59.70       59.58       59.47       59.35    
        59.23       59.11       58.98       58.86       58.73       58.60       58.46       58.32       58.17       58.00    
  81    66.08       66.08       66.07       66.07       66.06       66.05       66.04       66.03       66.01       66.00    
        65.98       65.96       65.94       65.91       65.89       65.86       65.83       65.80       65.77       65.73    
        65.69       65.66       65.61       65.57       65.53       65.48       65.44       65.39       65.33       65.28    
        65.23       65.17       65.11       65.05       64.99       64.92       64.86       64.79       64.72       64.65    
        64.58       64.50       64.43       64.35       64.27       64.19       64.11       64.02       63.93       63.85    
        63.76       63.66       63.57       63.48       63.38       63.28       63.18       63.08       62.98       62.87    
        62.77       62.66       62.55       62.45       62.33       62.22       62.11       62.00       61.88       61.76    
        61.65       61.53       61.41       61.29       61.17       61.05       60.93       60.81       60.69       60.57    
        60.45       60.33       60.21       60.09       59.98       59.86       59.74       59.62       59.50       59.38    
        59.26       59.14       59.01       58.89       58.76       58.62       58.48       58.33       58.17       58.00    
  82    66.08       66.08       66.08       66.07       66.06       66.05       66.04       66.03       66.01       66.00    
        65.98       65.96       65.94       65.91       65.89       65.86       65.83       65.80       65.77       65.73    
        65.69       65.66       65.62       65.57       65.53       65.48       65.44       65.39       65.34       65.28    
        65.23       65.17       65.11       65.05       64.99       64.93       64.86       64.79       64.73       64.65    
        64.58       64.51       64.43       64.35       64.27       64.19       64.11       64.03       63.94       63.85    
        63.76       63.67       63.58       63.48       63.39       63.29       63.19       63.09       62.99       62.89    
        62.78       62.68       62.57       62.46       62.35       62.24       62.13       62.01       61.90       61.79    
        61.67       61.55       61.44       61.32       61.20       61.08       60.96       60.84       60.72       60.60    
        60.48       60.36       60.25       60.13       60.01       59.89       59.77       59.65       59.53       59.41    
        59.29       59.17       59.04       58.91       58.78       58.64       58.49       58.34       58.18       58.00    
  83    66.08       66.08       66.08       66.07       66.06       66.05       66.04       66.03       66.02       66.00    
        65.98       65.96       65.94       65.91       65.89       65.86       65.83       65.80       65.77       65.73    
        65.70       65.66       65.62       65.58       65.53       65.49       65.44       65.39       65.34       65.28    
        65.23       65.17       65.12       65.06       64.99       64.93       64.86       64.80       64.73       64.66    
        64.59       64.51       64.44       64.36       64.28       64.20       64.12       64.03       63.95       63.86    
        63.77       63.68       63.59       63.49       63.40       63.30       63.20       63.10       63.00       62.90    
        62.79       62.69       62.58       62.47       62.37       62.26       62.14       62.03       61.92       61.80    
        61.69       61.57       61.46       61.34       61.22       61.11       60.99       60.87       60.75       60.63    
        60.51       60.39       60.28       60.16       60.04       59.92       59.80       59.68       59.56       59.44    
        59.32       59.19       59.06       58.93       58.80       58.66       58.51       58.35       58.18       58.00    
  84    66.08       66.08       66.08       66.07       66.06       66.05       66.04       66.03       66.02       66.00    
        65.98       65.96       65.94       65.91       65.89       65.86       65.83       65.80       65.77       65.73    
        65.70       65.66       65.62       65.58       65.53       65.49       65.44       65.39       65.34       65.29    
        65.23       65.18       65.12       65.06       65.00       64.93       64.87       64.80       64.73       64.66    
        64.59       64.52       64.44       64.36       64.28       64.20       64.12       64.04       63.95       63.86    
        63.78       63.69       63.59       63.50       63.41       63.31       63.21       63.11       63.01       62.91    
        62.81       62.70       62.60       62.49       62.38       62.27       62.16       62.05       61.94       61.82    
        61.71       61.59       61.48       61.36       61.25       61.13       61.01       60.89       60.78       60.66    
        60.54       60.42       60.30       60.19       60.07       59.95       59.83       59.71       59.59       59.47    
        59.34       59.22       59.09       58.95       58.81       58.67       58.52       58.36       58.19       58.00    
  85    66.08       66.08       66.08       66.07       66.06       66.05       66.04       66.03       66.02       66.00    
        65.98       65.96       65.94       65.92       65.89       65.86       65.83       65.80       65.77       65.73    
        65.70       65.66       65.62       65.58       65.53       65.49       65.44       65.39       65.34       65.29    
        65.23       65.18       65.12       65.06       65.00       64.94       64.87       64.80       64.73       64.66    
        64.59       64.52       64.44       64.37       64.29       64.21       64.13       64.04       63.96       63.87    
        63.78       63.69       63.60       63.51       63.41       63.32       63.22       63.12       63.02       62.92    
        62.82       62.71       62.61       62.50       62.39       62.28       62.18       62.06       61.95       61.84    
        61.73       61.61       61.50       61.38       61.27       61.15       61.03       60.92       60.80       60.68    
        60.57       60.45       60.33       60.21       60.09       59.98       59.86       59.74       59.62       59.49    
        59.37       59.24       59.11       58.97       58.83       58.68       58.53       58.37       58.19       58.00    
  86    66.08       66.08       66.08       66.07       66.06       66.06       66.04       66.03       66.02       66.00    
        65.98       65.96       65.94       65.92       65.89       65.86       65.83       65.80       65.77       65.74    
        65.70       65.66       65.62       65.58       65.54       65.49       65.44       65.39       65.34       65.29    
        65.24       65.18       65.12       65.06       65.00       64.94       64.87       64.81       64.74       64.67    
        64.60       64.52       64.45       64.37       64.29       64.21       64.13       64.05       63.96       63.88    
        63.79       63.70       63.61       63.51       63.42       63.33       63.23       63.13       63.03       62.93    
        62.83       62.72       62.62       62.51       62.41       62.30       62.19       62.08       61.97       61.86    
        61.74       61.63       61.52       61.40       61.29       61.17       61.06       60.94       60.82       60.71    
        60.59       60.47       60.35       60.24       60.12       60.00       59.88       59.76       59.64       59.51    
        59.39       59.26       59.13       58.99       58.85       58.70       58.54       58.37       58.19       58.00    
  87    66.08       66.08       66.08       66.07       66.06       66.06       66.04       66.03       66.02       66.00    
        65.98       65.96       65.94       65.92       65.89       65.86       65.83       65.80       65.77       65.74    
        65.70       65.66       65.62       65.58       65.54       65.49       65.44       65.39       65.34       65.29    
        65.24       65.18       65.12       65.06       65.00       64.94       64.88       64.81       64.74       64.67    
        64.60       64.53       64.45       64.37       64.30       64.22       64.14       64.05       63.97       63.88    
        63.79       63.70       63.61       63.52       63.43       63.33       63.24       63.14       63.04       62.94    
        62.84       62.73       62.63       62.53       62.42       62.31       62.20       62.09       61.98       61.87    
        61.76       61.65       61.53       61.42       61.31       61.19       61.08       60.96       60.84       60.73    
        60.61       60.49       60.38       60.26       60.14       60.02       59.90       59.78       59.66       59.53    
        59.41       59.28       59.14       59.00       58.86       58.71       58.55       58.38       58.20       58.00    
  88    66.08       66.08       66.08       66.07       66.07       66.06       66.05       66.03       66.02       66.00    
        65.98       65.96       65.94       65.92       65.89       65.86       65.84       65.80       65.77       65.74    
        65.70       65.66       65.62       65.58       65.54       65.49       65.45       65.40       65.35       65.29    
        65.24       65.18       65.13       65.07       65.00       64.94       64.88       64.81       64.74       64.67    
        64.60       64.53       64.45       64.38       64.30       64.22       64.14       64.06       63.97       63.89    
        63.80       63.71       63.62       63.53       63.43       63.34       63.24       63.15       63.05       62.95    
        62.85       62.74       62.64       62.54       62.43       62.32       62.22       62.11       62.00       61.89    
        61.78       61.66       61.55       61.44       61.32       61.21       61.09       60.98       60.86       60.75    
        60.63       60.51       60.40       60.28       60.16       60.04       59.92       59.80       59.68       59.55    
        59.43       59.29       59.16       59.02       58.87       58.72       58.56       58.38       58.20       58.00    
  89    66.08       66.08       66.08       66.07       66.07       66.06       66.05       66.03       66.02       66.00    
        65.98       65.96       65.94       65.92       65.89       65.87       65.84       65.81       65.77       65.74    
        65.70       65.66       65.62       65.58       65.54       65.49       65.45       65.40       65.35       65.29    
        65.24       65.18       65.13       65.07       65.01       64.94       64.88       64.81       64.75       64.68    
        64.60       64.53       64.46       64.38       64.30       64.22       64.14       64.06       63.98       63.89    
        63.80       63.72       63.63       63.53       63.44       63.35       63.25       63.15       63.06       62.96    
        62.86       62.75       62.65       62.55       62.44       62.33       62.23       62.12       62.01       61.90    
        61.79       61.68       61.57       61.45       61.34       61.23       61.11       61.00       60.88       60.77    
        60.65       60.53       60.42       60.30       60.18       60.06       59.94       59.82       59.70       59.57    
        59.44       59.31       59.17       59.03       58.88       58.73       58.56       58.39       58.20       58.00    
  90    66.08       66.08       66.08       66.07       66.07       66.06       66.05       66.03       66.02       66.00    
        65.98       65.96       65.94       65.92       65.89       65.87       65.84       65.81       65.77       65.74    
        65.70       65.66       65.62       65.58       65.54       65.49       65.45       65.40       65.35       65.30    
        65.24       65.19       65.13       65.07       65.01       64.95       64.88       64.82       64.75       64.68    
        64.61       64.53       64.46       64.38       64.31       64.23       64.15       64.06       63.98       63.90    
        63.81       63.72       63.63       63.54       63.45       63.35       63.26       63.16       63.06       62.96    
        62.86       62.76       62.66       62.56       62.45       62.34       62.24       62.13       62.02       61.91    
        61.80       61.69       61.58       61.47       61.35       61.24       61.13       61.01       60.90       60.78    
        60.67       60.55       60.43       60.32       60.20       60.08       59.96       59.84       59.71       59.58    
        59.46       59.32       59.18       59.04       58.89       58.74       58.57       58.39       58.21       58.00    
  91    66.08       66.08       66.08       66.07       66.07       66.06       66.05       66.03       66.02       66.00    
        65.98       65.96       65.94       65.92       65.89       65.87       65.84       65.81       65.77       65.74    
        65.70       65.67       65.63       65.58       65.54       65.50       65.45       65.40       65.35       65.30    
        65.24       65.19       65.13       65.07       65.01       64.95       64.88       64.82       64.75       64.68    
        64.61       64.54       64.46       64.39       64.31       64.23       64.15       64.07       63.98       63.90    
        63.81       63.72       63.64       63.54       63.45       63.36       63.26       63.17       63.07       62.97    
        62.87       62.77       62.67       62.56       62.46       62.35       62.25       62.14       62.03       61.92    
        61.81       61.70       61.59       61.48       61.37       61.25       61.14       61.03       60.91       60.80    
        60.68       60.56       60.45       60.33       60.21       60.09       59.97       59.85       59.73       59.60    
        59.47       59.33       59.20       59.05       58.90       58.74       58.58       58.40       58.21       58.00    
  92    66.08       66.08       66.08       66.07       66.07       66.06       66.05       66.03       66.02       66.00    
        65.98       65.96       65.94       65.92       65.89       65.87       65.84       65.81       65.77       65.74    
        65.70       65.67       65.63       65.58       65.54       65.50       65.45       65.40       65.35       65.30    
        65.24       65.19       65.13       65.07       65.01       64.95       64.89       64.82       64.75       64.68    
        64.61       64.54       64.47       64.39       64.31       64.23       64.15       64.07       63.99       63.90    
        63.82       63.73       63.64       63.55       63.46       63.36       63.27       63.17       63.08       62.98    
        62.88       62.78       62.67       62.57       62.47       62.36       62.26       62.15       62.04       61.93    
        61.82       61.71       61.60       61.49       61.38       61.27       61.15       61.04       60.92       60.81    
        60.69       60.58       60.46       60.34       60.23       60.11       59.98       59.86       59.74       59.61    
        59.48       59.34       59.21       59.06       58.91       58.75       58.58       58.40       58.21       58.00    
  93    66.09       66.08       66.08       66.07       66.07       66.06       66.05       66.03       66.02       66.00    
        65.99       65.97       65.94       65.92       65.89       65.87       65.84       65.81       65.77       65.74    
        65.70       65.67       65.63       65.59       65.54       65.50       65.45       65.40       65.35       65.30    
        65.25       65.19       65.13       65.07       65.01       64.95       64.89       64.82       64.75       64.68    
        64.61       64.54       64.47       64.39       64.31       64.24       64.16       64.07       63.99       63.91    
        63.82       63.73       63.64       63.55       63.46       63.37       63.27       63.18       63.08       62.98    
        62.88       62.78       62.68       62.58       62.47       62.37       62.26       62.16       62.05       61.94    
        61.83       61.72       61.61       61.50       61.39       61.28       61.16       61.05       60.94       60.82    
        60.71       60.59       60.47       60.36       60.24       60.12       60.00       59.87       59.75       59.62    
        59.49       59.35       59.21       59.07       58.92       58.76       58.59       58.41       58.21       58.00    
  94    66.09       66.08       66.08       66.07       66.07       66.06       66.05       66.03       66.02       66.00    
        65.99       65.97       65.94       65.92       65.89       65.87       65.84       65.81       65.78       65.74    
        65.70       65.67       65.63       65.59       65.54       65.50       65.45       65.40       65.35       65.30    
        65.25       65.19       65.13       65.07       65.01       64.95       64.89       64.82       64.75       64.69    
        64.62       64.54       64.47       64.39       64.32       64.24       64.16       64.08       63.99       63.91    
        63.82       63.74       63.65       63.56       63.46       63.37       63.28       63.18       63.09       62.99    
        62.89       62.79       62.69       62.58       62.48       62.38       62.27       62.16       62.06       61.95    
        61.84       61.73       61.62       61.51       61.40       61.29       61.17       61.06       60.95       60.83    
        60.72       60.60       60.48       60.37       60.25       60.13       60.01       59.88       59.76       59.63    
        59.50       59.36       59.22       59.07       58.92       58.76       58.59       58.41       58.21       58.00    
  95    66.09       66.08       66.08       66.07       66.07       66.06       66.05       66.03       66.02       66.00    
        65.99       65.97       65.94       65.92       65.90       65.87       65.84       65.81       65.78       65.74    
        65.71       65.67       65.63       65.59       65.54       65.50       65.45       65.40       65.35       65.30    
        65.25       65.19       65.13       65.08       65.02       64.95       64.89       64.82       64.76       64.69    
        64.62       64.54       64.47       64.40       64.32       64.24       64.16       64.08       64.00       63.91    
        63.83       63.74       63.65       63.56       63.47       63.38       63.28       63.19       63.09       62.99    
        62.89       62.79       62.69       62.59       62.49       62.38       62.28       62.17       62.06       61.96    
        61.85       61.74       61.63       61.52       61.41       61.29       61.18       61.07       60.95       60.84    
        60.72       60.61       60.49       60.37       60.26       60.14       60.01       59.89       59.77       59.64    
        59.50       59.37       59.23       59.08       58.93       58.77       58.59       58.41       58.21       58.00    
  96    66.09       66.08       66.08       66.07       66.07       66.06       66.05       66.04       66.02       66.00    
        65.99       65.97       65.94       65.92       65.90       65.87       65.84       65.81       65.78       65.74    
        65.71       65.67       65.63       65.59       65.54       65.50       65.45       65.40       65.35       65.30    
        65.25       65.19       65.14       65.08       65.02       64.95       64.89       64.82       64.76       64.69    
        64.62       64.55       64.47       64.40       64.32       64.24       64.16       64.08       64.00       63.91    
        63.83       63.74       63.65       63.56       63.47       63.38       63.28       63.19       63.09       63.00    
        62.90       62.80       62.70       62.59       62.49       62.39       62.28       62.18       62.07       61.96    
        61.85       61.74       61.63       61.52       61.41       61.30       61.19       61.08       60.96       60.85    
        60.73       60.62       60.50       60.38       60.26       60.14       60.02       59.90       59.77       59.64    
        59.51       59.37       59.23       59.09       58.93       58.77       58.60       58.41       58.21       58.00    
  97    66.09       66.08       66.08       66.08       66.07       66.06       66.05       66.04       66.02       66.00    
        65.99       65.97       65.94       65.92       65.90       65.87       65.84       65.81       65.78       65.74    
        65.71       65.67       65.63       65.59       65.54       65.50       65.45       65.40       65.35       65.30    
        65.25       65.19       65.14       65.08       65.02       64.95       64.89       64.83       64.76       64.69    
        64.62       64.55       64.47       64.40       64.32       64.24       64.16       64.08       64.00       63.92    
        63.83       63.74       63.65       63.56       63.47       63.38       63.29       63.19       63.10       63.00    
        62.90       62.80       62.70       62.60       62.49       62.39       62.29       62.18       62.07       61.97    
        61.86       61.75       61.64       61.53       61.42       61.31       61.19       61.08       60.97       60.85    
        60.74       60.62       60.50       60.39       60.27       60.15       60.03       59.90       59.78       59.65    
        59.52       59.38       59.24       59.09       58.93       58.77       58.60       58.41       58.22       58.00    
  98    66.09       66.08       66.08       66.08       66.07       66.06       66.05       66.04       66.02       66.00    
        65.99       65.97       65.94       65.92       65.90       65.87       65.84       65.81       65.78       65.74    
        65.71       65.67       65.63       65.59       65.54       65.50       65.45       65.40       65.35       65.30    
        65.25       65.19       65.14       65.08       65.02       64.96       64.89       64.83       64.76       64.69    
        64.62       64.55       64.47       64.40       64.32       64.24       64.16       64.08       64.00       63.92    
        63.83       63.74       63.66       63.57       63.47       63.38       63.29       63.19       63.10       63.00    
        62.90       62.80       62.70       62.60       62.50       62.39       62.29       62.18       62.08       61.97    
        61.86       61.75       61.64       61.53       61.42       61.31       61.20       61.09       60.97       60.86    
        60.74       60.63       60.51       60.39       60.27       60.15       60.03       59.91       59.78       59.65    
        59.52       59.38       59.24       59.09       58.94       58.77       58.60       58.42       58.22       58.00    
  99    66.09       66.08       66.08       66.08       66.07       66.06       66.05       66.04       66.02       66.00    
        65.99       65.97       65.94       65.92       65.90       65.87       65.84       65.81       65.78       65.74    
        65.71       65.67       65.63       65.59       65.54       65.50       65.45       65.40       65.35       65.30    
        65.25       65.19       65.14       65.08       65.02       64.96       64.89       64.83       64.76       64.69    
        64.62       64.55       64.47       64.40       64.32       64.25       64.17       64.08       64.00       63.92    
        63.83       63.74       63.66       63.57       63.48       63.38       63.29       63.19       63.10       63.00    
        62.90       62.80       62.70       62.60       62.50       62.39       62.29       62.18       62.08       61.97    
        61.86       61.75       61.65       61.54       61.42       61.31       61.20       61.09       60.97       60.86    
        60.74       60.63       60.51       60.39       60.28       60.16       60.03       59.91       59.78       59.65    
        59.52       59.38       59.24       59.09       58.94       58.77       58.60       58.42       58.22       58.00    
 100    66.09       66.08       66.08       66.08       66.07       66.06       66.05       66.04       66.02       66.00    
        65.99       65.97       65.94       65.92       65.90       65.87       65.84       65.81       65.78       65.74    
        65.71       65.67       65.63       65.59       65.54       65.50       65.45       65.40       65.35       65.30    
        65.25       65.19       65.14       65.08       65.02       64.96       64.89       64.83       64.76       64.69    
        64.62       64.55       64.48       64.40       64.32       64.25       64.17       64.08       64.00       63.92    
        63.83       63.75       63.66       63.57       63.48       63.38       63.29       63.20       63.10       63.00    
        62.90       62.80       62.70       62.60       62.50       62.40       62.29       62.19       62.08       61.97    
        61.86       61.76       61.65       61.54       61.43       61.31       61.20       61.09       60.98       60.86    
        60.75       60.63       60.51       60.40       60.28       60.16       60.04       59.91       59.79       59.66    
        59.52       59.39       59.24       59.09       58.94       58.78       58.60       58.42       58.22       58.00    
1
  HEAD IN LAYER   2 AT END OF TIME STEP   1 IN STRESS PERIOD    1
  ---------------------------------------------------------------------------

 ........................................................................................................................................................................................................................................................................................................................................................................................................................................................................................................................................................................................................................................................................................................................................................................................................................................................................................................................................................................................................................................
   1    66.04       66.04       66.04       66.03       66.03       66.02       66.01       65.99       65.98       65.96    
        65.94       65.93       65.90       65.88       65.85       65.83       65.80       65.77       65.74       65.70    
        65.67       65.63       65.59       65.55       65.51       65.46       65.41       65.37       65.32       65.26    
        65.21       65.16       65.10       65.04       64.98       64.92       64.86       64.79       64.72       64.66    
        64.59       64.51       64.44       64.37       64.29       64.21       64.13       64.05       63.97       63.89    
        63.80       63.72       63.63       63.54       63.45       63.36       63.26       63.17       63.07       62.98    
        62.88       62.78       62.68       62.58       62.48       62.37       62.27       62.16       62.06       61.95    
        61.85       61.74       61.63       61.52       61.41       61.30       61.19       61.08       60.97       60.85    
        60.74       60.63       60.51       60.40       60.29       60.17       60.06       59.94       59.83       59.71    
        59.60       59.48       59.36       59.24       59.13       59.01       58.89       58.77       58.65       58.53    
   2    66.04       66.04       66.04       66.03       66.03       66.02       66.01       65.99       65.98       65.96    
        65.94       65.92       65.90       65.88       65.85       65.83       65.80       65.77       65.74       65.70    
        65.67       65.63       65.59       65.55       65.50       65.46       65.41       65.37       65.32       65.26    
        65.21       65.16       65.10       65.04       64.98       64.92       64.86       64.79       64.72       64.66    
        64.59       64.51       64.44       64.37       64.29       64.21       64.13       64.05       63.97       63.89    
        63.80       63.71       63.63       63.54       63.45       63.36       63.26       63.17       63.07       62.98    
        62.88       62.78       62.68       62.58       62.48       62.37       62.27       62.16       62.06       61.95    
        61.84       61.74       61.63       61.52       61.41       61.30       61.19       61.08       60.96       60.85    
        60.74       60.63       60.51       60.40       60.28       60.17       60.06       59.94       59.83       59.71    
        59.59       59.48       59.36       59.24       59.13       59.01       58.89       58.77       58.65       58.53    
   3    66.04       66.04       66.04       66.03       66.03       66.02       66.01       65.99       65.98       65.96    
        65.94       65.92       65.90       65.88       65.85       65.83       65.80       65.77       65.74       65.70    
        65.67       65.63       65.59       65.55       65.50       65.46       65.41       65.37       65.32       65.26    
        65.21       65.16       65.10       65.04       64.98       64.92       64.86       64.79       64.72       64.66    
        64.59       64.51       64.44       64.37       64.29       64.21       64.13       64.05       63.97       63.89    
        63.80       63.71       63.63       63.54       63.45       63.35       63.26       63.17       63.07       62.97    
        62.88       62.78       62.68       62.58       62.47       62.37       62.27       62.16       62.06       61.95    
        61.84       61.73       61.63       61.52       61.41       61.30       61.18       61.07       60.96       60.85    
        60.74       60.62       60.51       60.40       60.28       60.17       60.05       59.94       59.82       59.71    
        59.59       59.48       59.36       59.24       59.12       59.00       58.89       58.77       58.65       58.53    
   4    66.04       66.04       66.04       66.03       66.03       66.02       66.01       65.99       65.98       65.96    
        65.94       65.92       65.90       65.88       65.85       65.83       65.80       65.77       65.74       65.70    
        65.67       65.63       65.59       65.55       65.50       65.46       65.41       65.37       65.32       65.26    
        65.21       65.16       65.10       65.04       64.98       64.92       64.85       64.79       64.72       64.65    
        64.58       64.51       64.44       64.36       64.29       64.21       64.13       64.05       63.97       63.88    
        63.80       63.71       63.62       63.54       63.44       63.35       63.26       63.16       63.07       62.97    
        62.87       62.77       62.67       62.57       62.47       62.37       62.26       62.16       62.05       61.95    
        61.84       61.73       61.62       61.51       61.40       61.29       61.18       61.07       60.96       60.84    
        60.73       60.62       60.51       60.39       60.28       60.16       60.05       59.94       59.82       59.70    
        59.59       59.47       59.36       59.24       59.12       59.00       58.88       58.76       58.64       58.53    
   5    66.04       66.04       66.04       66.03       66.03       66.02       66.01       65.99       65.98       65.96    
        65.94       65.92       65.90       65.88       65.85       65.83       65.80       65.77       65.74       65.70    
        65.67       65.63       65.59       65.55       65.50       65.46       65.41       65.36       65.31       65.26    
        65.21       65.15       65.10       65.04       64.98       64.92       64.85       64.79       64.72       64.65    
        64.58       64.51       64.44       64.36       64.29       64.21       64.13       64.05       63.97       63.88    
        63.80       63.71       63.62       63.53       63.44       63.35       63.26       63.16       63.07       62.97    
        62.87       62.77       62.67       62.57       62.47       62.36       62.26       62.15       62.05       61.94    
        61.83       61.73       61.62       61.51       61.40       61.29       61.18       61.06       60.95       60.84    
        60.73       60.61       60.50       60.39       60.27       60.16       60.04       59.93       59.81       59.70    
        59.58       59.47       59.35       59.23       59.12       59.00       58.88       58.76       58.64       58.52    
   6    66.04       66.04       66.04       66.03       66.03       66.02       66.01       65.99       65.98       65.96    
        65.94       65.92       65.90       65.88       65.85       65.83       65.80       65.77       65.74       65.70    
        65.66       65.63       65.59       65.55       65.50       65.46       65.41       65.36       65.31       65.26    
        65.21       65.15       65.10       65.04       64.98       64.92       64.85       64.79       64.72       64.65    
        64.58       64.51       64.44       64.36       64.29       64.21       64.13       64.05       63.96       63.88    
        63.80       63.71       63.62       63.53       63.44       63.35       63.25       63.16       63.06       62.97    
        62.87       62.77       62.67       62.57       62.46       62.36       62.25       62.15       62.04       61.94    
        61.83       61.72       61.61       61.50       61.39       61.28       61.17       61.06       60.94       60.83    
        60.72       60.61       60.49       60.38       60.26       60.15       60.04       59.92       59.81       59.69    
        59.58       59.46       59.34       59.23       59.11       58.99       58.88       58.76       58.64       58.52    
   7    66.04       66.04       66.04       66.03       66.03       66.02       66.01       65.99       65.98       65.96    
        65.94       65.92       65.90       65.88       65.85       65.83       65.80       65.77       65.73       65.70    
        65.66       65.63       65.59       65.55       65.50       65.46       65.41       65.36       65.31       65.26    
        65.21       65.15       65.10       65.04       64.98       64.92       64.85       64.79       64.72       64.65    
        64.58       64.51       64.44       64.36       64.28       64.21       64.13       64.04       63.96       63.88    
        63.79       63.71       63.62       63.53       63.44       63.34       63.25       63.16       63.06       62.96    
        62.86       62.76       62.66       62.56       62.46       62.35       62.25       62.14       62.04       61.93    
        61.82       61.71       61.60       61.49       61.38       61.27       61.16       61.05       60.94       60.82    
        60.71       60.60       60.48       60.37       60.26       60.14       60.03       59.91       59.80       59.68    
        59.57       59.45       59.34       59.22       59.10       58.99       58.87       58.75       58.63       58.52    
   8    66.04       66.04       66.04       66.03       66.02       66.02       66.00       65.99       65.98       65.96    
        65.94       65.92       65.90       65.88       65.85       65.83       65.80       65.77       65.73       65.70    
        65.66       65.63       65.59       65.55       65.50       65.46       65.41       65.36       65.31       65.26    
        65.21       65.15       65.09       65.04       64.98       64.91       64.85       64.78       64.72       64.65    
        64.58       64.51       64.43       64.36       64.28       64.20       64.12       64.04       63.96       63.88    
        63.79       63.70       63.61       63.52       63.43       63.34       63.25       63.15       63.05       62.96    
        62.86       62.76       62.66       62.55       62.45       62.35       62.24       62.14       62.03       61.92    
        61.81       61.70       61.60       61.48       61.37       61.26       61.15       61.04       60.93       60.81    
        60.70       60.59       60.47       60.36       60.25       60.13       60.02       59.90       59.79       59.68    
        59.56       59.44       59.33       59.21       59.10       58.98       58.86       58.75       58.63       58.51    
   9    66.04       66.04       66.04       66.03       66.02       66.02       66.00       65.99       65.98       65.96    
        65.94       65.92       65.90       65.88       65.85       65.83       65.80       65.77       65.73       65.70    
        65.66       65.63       65.59       65.54       65.50       65.46       65.41       65.36       65.31       65.26    
        65.21       65.15       65.09       65.03       64.97       64.91       64.85       64.78       64.72       64.65    
        64.58       64.50       64.43       64.36       64.28       64.20       64.12       64.04       63.96       63.87    
        63.79       63.70       63.61       63.52       63.43       63.34       63.24       63.15       63.05       62.95    
        62.85       62.75       62.65       62.55       62.44       62.34       62.23       62.13       62.02       61.91    
        61.80       61.70       61.59       61.47       61.36       61.25       61.14       61.03       60.91       60.80    
        60.69       60.58       60.46       60.35       60.23       60.12       60.01       59.89       59.78       59.66    
        59.55       59.43       59.32       59.20       59.09       58.97       58.86       58.74       58.62       58.51    
  10    66.04       66.04       66.04       66.03       66.02       66.01       66.00       65.99       65.98       65.96    
        65.94       65.92       65.90       65.88       65.85       65.82       65.80       65.77       65.73       65.70    
        65.66       65.62       65.58       65.54       65.50       65.46       65.41       65.36       65.31       65.26    
        65.20       65.15       65.09       65.03       64.97       64.91       64.85       64.78       64.71       64.65    
        64.57       64.50       64.43       64.35       64.28       64.20       64.12       64.04       63.95       63.87    
        63.78       63.69       63.61       63.52       63.42       63.33       63.24       63.14       63.04       62.94    
        62.85       62.74       62.64       62.54       62.44       62.33       62.23       62.12       62.01       61.90    
        61.79       61.68       61.57       61.46       61.35       61.24       61.13       61.02       60.90       60.79    
        60.68       60.56       60.45       60.33       60.22       60.11       59.99       59.88       59.77       59.65    
        59.54       59.42       59.31       59.19       59.08       58.96       58.85       58.73       58.62       58.50    
  11    66.04       66.04       66.04       66.03       66.02       66.01       66.00       65.99       65.98       65.96    
        65.94       65.92       65.90       65.88       65.85       65.82       65.80       65.76       65.73       65.70    
        65.66       65.62       65.58       65.54       65.50       65.45       65.41       65.36       65.31       65.26    
        65.20       65.15       65.09       65.03       64.97       64.91       64.84       64.78       64.71       64.64    
        64.57       64.50       64.43       64.35       64.27       64.19       64.11       64.03       63.95       63.86    
        63.78       63.69       63.60       63.51       63.42       63.32       63.23       63.13       63.04       62.94    
        62.84       62.74       62.63       62.53       62.43       62.32       62.22       62.11       62.00       61.89    
        61.78       61.67       61.56       61.45       61.34       61.23       61.11       61.00       60.89       60.77    
        60.66       60.55       60.43       60.32       60.21       60.09       59.98       59.86       59.75       59.64    
        59.52       59.41       59.29       59.18       59.07       58.95       58.84       58.72       58.61       58.49    
  12    66.04       66.04       66.04       66.03       66.02       66.01       66.00       65.99       65.98       65.96    
        65.94       65.92       65.90       65.88       65.85       65.82       65.79       65.76       65.73       65.70    
        65.66       65.62       65.58       65.54       65.50       65.45       65.41       65.36       65.31       65.26    
        65.20       65.15       65.09       65.03       64.97       64.91       64.84       64.78       64.71       64.64    
        64.57       64.50       64.42       64.35       64.27       64.19       64.11       64.03       63.94       63.86    
        63.77       63.69       63.60       63.50       63.41       63.32       63.22       63.13       63.03       62.93    
        62.83       62.73       62.63       62.52       62.42       62.31       62.21       62.10       61.99       61.88    
        61.77       61.66       61.55       61.44       61.32       61.21       61.10       60.99       60.87       60.76    
        60.64       60.53       60.42       60.30       60.19       60.07       59.96       59.85       59.73       59.62    
        59.51       59.39       59.28       59.17       59.05       58.94       58.83       58.71       58.60       58.49    
  13    66.04       66.04       66.04       66.03       66.02       66.01       66.00       65.99       65.98       65.96    
        65.94       65.92       65.90       65.88       65.85       65.82       65.79       65.76       65.73       65.70    
        65.66       65.62       65.58       65.54       65.50       65.45       65.41       65.36       65.31       65.25    
        65.20       65.14       65.09       65.03       64.97       64.90       64.84       64.77       64.71       64.64    
        64.57       64.49       64.42       64.34       64.27       64.19       64.11       64.02       63.94       63.85    
        63.77       63.68       63.59       63.50       63.41       63.31       63.22       63.12       63.02       62.92    
        62.82       62.72       62.62       62.51       62.41       62.30       62.19       62.09       61.98       61.87    
        61.76       61.65       61.53       61.42       61.31       61.20       61.08       60.97       60.85       60.74    
        60.63       60.51       60.40       60.28       60.17       60.06       59.94       59.83       59.72       59.60    
        59.49       59.38       59.26       59.15       59.04       58.93       58.81       58.70       58.59       58.48    
  14    66.04       66.04       66.03       66.03       66.02       66.01       66.00       65.99       65.97       65.96    
        65.94       65.92       65.90       65.87       65.85       65.82       65.79       65.76       65.73       65.70    
        65.66       65.62       65.58       65.54       65.50       65.45       65.40       65.36       65.30       65.25    
        65.20       65.14       65.09       65.03       64.97       64.90       64.84       64.77       64.70       64.63    
        64.56       64.49       64.42       64.34       64.26       64.18       64.10       64.02       63.94       63.85    
        63.76       63.67       63.58       63.49       63.40       63.30       63.21       63.11       63.01       62.91    
        62.81       62.71       62.61       62.50       62.40       62.29       62.18       62.07       61.96       61.85    
        61.74       61.63       61.52       61.41       61.29       61.18       61.06       60.95       60.84       60.72    
        60.61       60.49       60.38       60.26       60.15       60.04       59.92       59.81       59.70       59.58    
        59.47       59.36       59.25       59.13       59.02       58.91       58.80       58.69       58.58       58.47    
  15    66.04       66.04       66.03       66.03       66.02       66.01       66.00       65.99       65.97       65.96    
        65.94       65.92       65.90       65.87       65.85       65.82       65.79       65.76       65.73       65.69    
        65.66       65.62       65.58       65.54       65.49       65.45       65.40       65.35       65.30       65.25    
        65.20       65.14       65.08       65.02       64.96       64.90       64.84       64.77       64.70       64.63    
        64.56       64.49       64.41       64.34       64.26       64.18       64.10       64.01       63.93       63.84    
        63.76       63.67       63.58       63.49       63.39       63.30       63.20       63.10       63.00       62.90    
        62.80       62.70       62.60       62.49       62.38       62.28       62.17       62.06       61.95       61.84    
        61.73       61.61       61.50       61.39       61.27       61.16       61.04       60.93       60.81       60.70    
        60.58       60.47       60.35       60.24       60.13       60.01       59.90       59.79       59.67       59.56    
        59.45       59.34       59.23       59.12       59.00       58.89       58.78       58.67       58.57       58.46    
  16    66.04       66.04       66.03       66.03       66.02       66.01       66.00       65.99       65.97       65.96    
        65.94       65.92       65.90       65.87       65.85       65.82       65.79       65.76       65.73       65.69    
        65.66       65.62       65.58       65.54       65.49       65.45       65.40       65.35       65.30       65.25    
        65.19       65.14       65.08       65.02       64.96       64.90       64.83       64.77       64.70       64.63    
        64.56       64.48       64.41       64.33       64.25       64.17       64.09       64.01       63.92       63.84    
        63.75       63.66       63.57       63.48       63.38       63.29       63.19       63.09       62.99       62.89    
        62.79       62.69       62.58       62.48       62.37       62.26       62.15       62.04       61.93       61.82    
        61.71       61.60       61.48       61.37       61.25       61.14       61.02       60.91       60.79       60.68    
        60.56       60.44       60.33       60.21       60.10       59.99       59.87       59.76       59.65       59.54    
        59.43       59.31       59.20       59.09       58.98       58.88       58.77       58.66       58.55       58.45    
  17    66.04       66.04       66.03       66.03       66.02       66.01       66.00       65.99       65.97       65.96    
        65.94       65.92       65.90       65.87       65.85       65.82       65.79       65.76       65.73       65.69    
        65.66       65.62       65.58       65.54       65.49       65.45       65.40       65.35       65.30       65.25    
        65.19       65.14       65.08       65.02       64.96       64.89       64.83       64.76       64.69       64.62    
        64.55       64.48       64.40       64.33       64.25       64.17       64.09       64.00       63.92       63.83    
        63.74       63.65       63.56       63.47       63.38       63.28       63.18       63.08       62.98       62.88    
        62.78       62.68       62.57       62.46       62.36       62.25       62.14       62.03       61.92       61.80    
        61.69       61.58       61.46       61.35       61.23       61.12       61.00       60.88       60.77       60.65    
        60.53       60.42       60.30       60.19       60.07       59.96       59.85       59.73       59.62       59.51    
        59.40       59.29       59.18       59.07       58.96       58.86       58.75       58.64       58.54       58.43    
  18    66.04       66.04       66.03       66.03       66.02       66.01       66.00       65.99       65.97       65.96    
        65.94       65.92       65.90       65.87       65.85       65.82       65.79       65.76       65.73       65.69    
        65.65       65.62       65.58       65.53       65.49       65.44       65.40       65.35       65.30       65.25    
        65.19       65.13       65.08       65.02       64.96       64.89       64.83       64.76       64.69       64.62    
        64.55       64.48       64.40       64.32       64.24       64.16       64.08       64.00       63.91       63.83    
        63.74       63.65       63.56       63.46       63.37       63.27       63.17       63.07       62.97       62.87    
        62.77       62.66       62.56       62.45       62.34       62.23       62.12       62.01       61.90       61.79    
        61.67       61.56       61.44       61.33       61.21       61.09       60.97       60.86       60.74       60.62    
        60.51       60.39       60.27       60.16       60.04       59.93       59.82       59.70       59.59       59.48    
        59.37       59.26       59.15       59.04       58.94       58.83       58.73       58.62       58.52       58.42    
  19    66.04       66.04       66.03       66.03       66.02       66.01       66.00       65.99       65.97       65.95    
        65.94       65.92       65.89       65.87       65.84       65.82       65.79       65.76       65.72       65.69    
        65.65       65.61       65.57       65.53       65.49       65.44       65.40       65.35       65.30       65.24    
        65.19       65.13       65.07       65.01       64.95       64.89       64.82       64.76       64.69       64.62    
        64.55       64.47       64.40       64.32       64.24       64.16       64.08       63.99       63.91       63.82    
        63.73       63.64       63.55       63.45       63.36       63.26       63.16       63.06       62.96       62.86    
        62.76       62.65       62.54       62.44       62.33       62.22       62.11       61.99       61.88       61.77    
        61.65       61.54       61.42       61.30       61.18       61.07       60.95       60.83       60.71       60.59    
        60.48       60.36       60.24       60.13       60.01       59.90       59.78       59.67       59.56       59.45    
        59.34       59.23       59.12       59.02       58.91       58.81       58.70       58.60       58.50       58.40    
  20    66.04       66.03       66.03       66.03       66.02       66.01       66.00       65.98       65.97       65.95    
        65.94       65.92       65.89       65.87       65.84       65.82       65.79       65.76       65.72       65.69    
        65.65       65.61       65.57       65.53       65.49       65.44       65.39       65.34       65.29       65.24    
        65.19       65.13       65.07       65.01       64.95       64.89       64.82       64.75       64.68       64.61    
        64.54       64.47       64.39       64.31       64.23       64.15       64.07       63.99       63.90       63.81    
        63.72       63.63       63.54       63.45       63.35       63.25       63.15       63.05       62.95       62.85    
        62.74       62.64       62.53       62.42       62.31       62.20       62.09       61.97       61.86       61.75    
        61.63       61.51       61.39       61.28       61.16       61.04       60.92       60.80       60.68       60.56    
        60.44       60.33       60.21       60.09       59.98       59.86       59.75       59.63       59.52       59.41    
        59.30       59.20       59.09       58.99       58.88       58.78       58.68       58.58       58.48       58.38    
  21    66.04       66.03       66.03       66.02       66.02       66.01       66.00       65.98       65.97       65.95    
        65.93       65.91       65.89       65.87       65.84       65.82       65.79       65.75       65.72       65.69    
        65.65       65.61       65.57       65.53       65.49       65.44       65.39       65.34       65.29       65.24    
        65.18       65.13       65.07       65.01       64.95       64.88       64.82       64.75       64.68       64.61    
        64.54       64.46       64.39       64.31       64.23       64.15       64.07       63.98       63.89       63.81    
        63.72       63.62       63.53       63.44       63.34       63.24       63.14       63.04       62.94       62.84    
        62.73       62.62       62.52       62.41       62.30       62.18       62.07       61.96       61.84       61.72    
        61.61       61.49       61.37       61.25       61.13       61.01       60.89       60.77       60.65       60.53    
        60.41       60.29       60.17       60.05       59.94       59.82       59.71       59.60       59.48       59.37    
        59.27       59.16       59.05       58.95       58.85       58.75       58.65       58.55       58.46       58.36    
  22    66.03       66.03       66.03       66.02       66.02       66.01       66.00       65.98       65.97       65.95    
        65.93       65.91       65.89       65.87       65.84       65.81       65.78       65.75       65.72       65.69    
        65.65       65.61       65.57       65.53       65.48       65.44       65.39       65.34       65.29       65.24    
        65.18       65.12       65.07       65.01       64.94       64.88       64.81       64.75       64.68       64.61    
        64.53       64.46       64.38       64.30       64.22       64.14       64.06       63.97       63.89       63.80    
        63.71       63.62       63.52       63.43       63.33       63.23       63.13       63.03       62.93       62.82    
        62.72       62.61       62.50       62.39       62.28       62.16       62.05       61.94       61.82       61.70    
        61.58       61.46       61.34       61.22       61.10       60.98       60.86       60.74       60.61       60.49    
        60.37       60.25       60.13       60.01       59.90       59.78       59.67       59.55       59.44       59.33    
        59.22       59.12       59.01       58.91       58.81       58.72       58.62       58.52       58.43       58.34    
  23    66.03       66.03       66.03       66.02       66.02       66.01       66.00       65.98       65.97       65.95    
        65.93       65.91       65.89       65.87       65.84       65.81       65.78       65.75       65.72       65.68    
        65.65       65.61       65.57       65.53       65.48       65.44       65.39       65.34       65.29       65.23    
        65.18       65.12       65.06       65.00       64.94       64.88       64.81       64.74       64.67       64.60    
        64.53       64.45       64.38       64.30       64.22       64.14       64.05       63.97       63.88       63.79    
        63.70       63.61       63.51       63.42       63.32       63.22       63.12       63.02       62.91       62.81    
        62.70       62.59       62.48       62.37       62.26       62.15       62.03       61.91       61.80       61.68    
        61.56       61.44       61.32       61.19       61.07       60.95       60.82       60.70       60.58       60.45    
        60.33       60.21       60.09       59.97       59.85       59.73       59.62       59.51       59.39       59.29    
        59.18       59.07       58.97       58.87       58.77       58.68       58.59       58.49       58.40       58.32    
  24    66.03       66.03       66.03       66.02       66.01       66.01       65.99       65.98       65.97       65.95    
        65.93       65.91       65.89       65.87       65.84       65.81       65.78       65.75       65.72       65.68    
        65.65       65.61       65.57       65.52       65.48       65.43       65.39       65.34       65.29       65.23    
        65.18       65.12       65.06       65.00       64.94       64.87       64.81       64.74       64.67       64.60    
        64.52       64.45       64.37       64.29       64.21       64.13       64.05       63.96       63.87       63.78    
        63.69       63.60       63.51       63.41       63.31       63.21       63.11       63.01       62.90       62.80    
        62.69       62.58       62.47       62.36       62.24       62.13       62.01       61.89       61.77       61.65    
        61.53       61.41       61.29       61.16       61.04       60.91       60.79       60.66       60.54       60.41    
        60.29       60.17       60.04       59.92       59.80       59.69       59.57       59.46       59.34       59.23    
        59.13       59.02       58.92       58.83       58.73       58.64       58.55       58.46       58.37       58.29    
  25    66.03       66.03       66.03       66.02       66.01       66.00       65.99       65.98       65.97       65.95    
        65.93       65.91       65.89       65.86       65.84       65.81       65.78       65.75       65.72       65.68    
        65.64       65.61       65.57       65.52       65.48       65.43       65.38       65.33       65.28       65.23    
        65.17       65.12       65.06       65.00       64.93       64.87       64.80       64.74       64.67       64.59    
        64.52       64.44       64.37       64.29       64.21       64.12       64.04       63.95       63.87       63.78    
        63.68       63.59       63.50       63.40       63.30       63.20       63.10       62.99       62.89       62.78    
        62.67       62.56       62.45       62.34       62.22       62.11       61.99       61.87       61.75       61.63    
        61.51       61.38       61.26       61.13       61.01       60.88       60.75       60.62       60.50       60.37    
        60.24       60.12       59.99       59.87       59.75       59.63       59.51       59.40       59.29       59.18    
        59.07       58.97       58.87       58.78       58.68       58.59       58.51       58.42       58.34       58.26    
  26    66.03       66.03       66.03       66.02       66.01       66.00       65.99       65.98       65.97       65.95    
        65.93       65.91       65.89       65.86       65.84       65.81       65.78       65.75       65.72       65.68    
        65.64       65.60       65.56       65.52       65.48       65.43       65.38       65.33       65.28       65.23    
        65.17       65.11       65.06       64.99       64.93       64.87       64.80       64.73       64.66       64.59    
        64.52       64.44       64.36       64.28       64.20       64.12       64.03       63.95       63.86       63.77    
        63.68       63.58       63.49       63.39       63.29       63.19       63.09       62.98       62.88       62.77    
        62.66       62.55       62.43       62.32       62.20       62.09       61.97       61.85       61.72       61.60    
        61.48       61.35       61.23       61.10       60.97       60.84       60.71       60.58       60.45       60.32    
        60.20       60.07       59.94       59.82       59.69       59.57       59.45       59.34       59.23       59.12    
        59.01       58.91       58.81       58.72       58.63       58.54       58.46       58.38       58.30       58.23    
  27    66.03       66.03       66.03       66.02       66.01       66.00       65.99       65.98       65.96       65.95    
        65.93       65.91       65.89       65.86       65.84       65.81       65.78       65.75       65.71       65.68    
        65.64       65.60       65.56       65.52       65.48       65.43       65.38       65.33       65.28       65.23    
        65.17       65.11       65.05       64.99       64.93       64.86       64.80       64.73       64.66       64.59    
        64.51       64.44       64.36       64.28       64.20       64.11       64.03       63.94       63.85       63.76    
        63.67       63.57       63.48       63.38       63.28       63.18       63.07       62.97       62.86       62.75    
        62.64       62.53       62.42       62.30       62.18       62.07       61.94       61.82       61.70       61.58    
        61.45       61.32       61.19       61.06       60.93       60.80       60.67       60.54       60.41       60.28    
        60.15       60.01       59.89       59.76       59.63       59.51       59.39       59.27       59.16       59.05    
        58.95       58.85       58.75       58.66       58.57       58.49       58.41       58.33       58.26       58.19    
  28    66.03       66.03       66.02       66.02       66.01       66.00       65.99       65.98       65.96       65.95    
        65.93       65.91       65.89       65.86       65.84       65.81       65.78       65.75       65.71       65.68    
        65.64       65.60       65.56       65.52       65.47       65.43       65.38       65.33       65.28       65.22    
        65.17       65.11       65.05       64.99       64.93       64.86       64.79       64.72       64.65       64.58    
        64.51       64.43       64.35       64.27       64.19       64.11       64.02       63.93       63.84       63.75    
        63.66       63.56       63.47       63.37       63.27       63.17       63.06       62.96       62.85       62.74    
        62.63       62.51       62.40       62.28       62.16       62.04       61.92       61.80       61.67       61.55    
        61.42       61.29       61.16       61.03       60.90       60.76       60.63       60.49       60.36       60.23    
        60.09       59.96       59.83       59.70       59.57       59.44       59.32       59.20       59.08       58.98    
        58.87       58.77       58.68       58.59       58.51       58.43       58.35       58.28       58.22       58.15    
  29    66.03       66.03       66.02       66.02       66.01       66.00       65.99       65.98       65.96       65.95    
        65.93       65.91       65.88       65.86       65.83       65.81       65.78       65.75       65.71       65.68    
        65.64       65.60       65.56       65.52       65.47       65.43       65.38       65.33       65.27       65.22    
        65.16       65.11       65.05       64.99       64.92       64.86       64.79       64.72       64.65       64.58    
        64.50       64.43       64.35       64.27       64.18       64.10       64.01       63.93       63.84       63.75    
        63.65       63.56       63.46       63.36       63.26       63.16       63.05       62.94       62.83       62.72    
        62.61       62.50       62.38       62.26       62.14       62.02       61.90       61.77       61.65       61.52    
        61.39       61.26       61.13       60.99       60.86       60.72       60.59       60.45       60.31       60.17    
        60.03       59.90       59.76       59.63       59.50       59.37       59.24       59.12       59.00       58.89    
        58.79       58.69       58.60       58.52       58.44       58.36       58.29       58.23       58.17       58.11    
  30    66.03       66.03       66.02       66.02       66.01       66.00       65.99       65.98       65.96       65.95    
        65.93       65.91       65.88       65.86       65.83       65.81       65.78       65.74       65.71       65.68    
        65.64       65.60       65.56       65.51       65.47       65.42       65.37       65.32       65.27       65.22    
        65.16       65.10       65.04       64.98       64.92       64.85       64.79       64.72       64.65       64.57    
        64.50       64.42       64.34       64.26       64.18       64.09       64.01       63.92       63.83       63.74    
        63.64       63.55       63.45       63.35       63.25       63.14       63.04       62.93       62.82       62.71    
        62.60       62.48       62.36       62.24       62.12       62.00       61.88       61.75       61.62       61.49    
        61.36       61.23       61.09       60.96       60.82       60.68       60.54       60.40       60.26       60.12    
        59.97       59.83       59.69       59.56       59.42       59.29       59.16       59.03       58.91       58.80    
        58.70       58.60       58.51       58.43       58.36       58.29       58.23       58.17       58.11       58.06    
  31    66.03       66.03       66.02       66.02       66.01       66.00       65.99       65.98       65.96       65.94    
        65.93       65.91       65.88       65.86       65.83       65.80       65.77       65.74       65.71       65.67    
        65.64       65.60       65.56       65.51       65.47       65.42       65.37       65.32       65.27       65.22    
        65.16       65.10       65.04       64.98       64.92       64.85       64.78       64.71       64.64       64.57    
        64.49       64.42       64.34       64.26       64.17       64.09       64.00       63.91       63.82       63.73    
        63.64       63.54       63.44       63.34       63.24       63.13       63.03       62.92       62.81       62.70    
        62.58       62.46       62.35       62.23       62.10       61.98       61.85       61.73       61.60       61.46    
        61.33       61.19       61.06       60.92       60.78       60.64       60.49       60.35       60.20       60.06    
        59.91       59.77       59.62       59.48       59.34       59.20       59.06       58.93       58.81       58.70    
        58.60       58.50       58.42       58.34       58.27       58.21       58.15       58.10       58.05       58.01    
  32    66.03       66.03       66.02       66.02       66.01       66.00       65.99       65.98       65.96       65.94    
        65.92       65.90       65.88       65.86       65.83       65.80       65.77       65.74       65.71       65.67    
        65.64       65.60       65.55       65.51       65.47       65.42       65.37       65.32       65.27       65.21    
        65.16       65.10       65.04       64.98       64.91       64.85       64.78       64.71       64.64       64.56    
        64.49       64.41       64.33       64.25       64.17       64.08       64.00       63.91       63.82       63.72    
        63.63       63.53       63.43       63.33       63.23       63.12       63.01       62.91       62.79       62.68    
        62.57       62.45       62.33       62.21       62.08       61.96       61.83       61.70       61.57       61.44    
        61.30       61.16       61.02       60.88       60.74       60.59       60.45       60.30       60.15       60.00    
        59.85       59.70       59.55       59.39       59.25       59.10       58.96       58.83       58.70       58.59    
        58.48       58.39       58.31       58.24       58.18       58.12       58.07       58.03       57.99       57.95    
  33    66.03       66.02       66.02       66.02       66.01       66.00       65.99       65.97       65.96       65.94    
        65.92       65.90       65.88       65.86       65.83       65.80       65.77       65.74       65.71       65.67    
        65.63       65.59       65.55       65.51       65.46       65.42       65.37       65.32       65.27       65.21    
        65.16       65.10       65.04       64.97       64.91       64.84       64.78       64.71       64.63       64.56    
        64.49       64.41       64.33       64.25       64.16       64.08       63.99       63.90       63.81       63.72    
        63.62       63.52       63.42       63.32       63.22       63.11       63.00       62.89       62.78       62.67    
        62.55       62.43       62.31       62.19       62.06       61.94       61.81       61.68       61.54       61.41    
        61.27       61.13       60.99       60.84       60.70       60.55       60.40       60.25       60.09       59.94    
        59.78       59.62       59.46       59.31       59.15       59.00       58.85       58.71       58.58       58.46    
        58.35       58.26       58.19       58.12       58.07       58.03       57.99       57.95       57.92       57.89    
  34    66.03       66.02       66.02       66.01       66.01       66.00       65.99       65.97       65.96       65.94    
        65.92       65.90       65.88       65.86       65.83       65.80       65.77       65.74       65.71       65.67    
        65.63       65.59       65.55       65.51       65.46       65.42       65.37       65.32       65.26       65.21    
        65.15       65.09       65.03       64.97       64.91       64.84       64.77       64.70       64.63       64.56    
        64.48       64.40       64.32       64.24       64.16       64.07       63.98       63.89       63.80       63.71    
        63.61       63.51       63.41       63.31       63.21       63.10       62.99       62.88       62.77       62.65    
        62.54       62.42       62.29       62.17       62.04       61.92       61.78       61.65       61.52       61.38    
        61.24       61.10       60.95       60.80       60.65       60.50       60.35       60.19       60.03       59.87    
        59.71       59.55       59.38       59.22       59.05       58.89       58.73       58.58       58.44       58.31    
        58.21       58.12       58.05       58.00       57.95       57.92       57.89       57.87       57.85       57.83    
  35    66.03       66.02       66.02       66.01       66.01       66.00       65.99       65.97       65.96       65.94    
        65.92       65.90       65.88       65.85       65.83       65.80       65.77       65.74       65.70       65.67    
        65.63       65.59       65.55       65.51       65.46       65.41       65.37       65.31       65.26       65.21    
        65.15       65.09       65.03       64.97       64.90       64.84       64.77       64.70       64.63       64.55    
        64.48       64.40       64.32       64.24       64.15       64.07       63.98       63.89       63.80       63.70    
        63.60       63.51       63.40       63.30       63.20       63.09       62.98       62.87       62.76       62.64    
        62.52       62.40       62.28       62.15       62.02       61.89       61.76       61.63       61.49       61.35    
        61.21       61.06       60.92       60.77       60.61       60.46       60.30       60.14       59.98       59.81    
        59.64       59.47       59.29       59.12       58.94       58.77       58.59       58.43       58.28       58.14    
        58.03       57.95       57.89       57.85       57.83       57.81       57.79       57.78       57.77       57.76    
  36    66.02       66.02       66.02       66.01       66.01       66.00       65.99       65.97       65.96       65.94    
        65.92       65.90       65.88       65.85       65.83       65.80       65.77       65.74       65.70       65.67    
        65.63       65.59       65.55       65.51       65.46       65.41       65.36       65.31       65.26       65.21    
        65.15       65.09       65.03       64.97       64.90       64.84       64.77       64.70       64.62       64.55    
        64.47       64.39       64.31       64.23       64.15       64.06       63.97       63.88       63.79       63.69    
        63.60       63.50       63.40       63.29       63.19       63.08       62.97       62.86       62.74       62.63    
        62.51       62.39       62.26       62.13       62.01       61.87       61.74       61.60       61.47       61.32    
        61.18       61.03       60.88       60.73       60.57       60.41       60.25       60.09       59.92       59.75    
        59.57       59.39       59.21       59.02       58.83       58.64       58.45       58.27       58.09       57.95    
        57.83       57.76       57.71       57.69       57.69       57.69       57.69       57.69       57.69       57.69    
  37    66.02       66.02       66.02       66.01       66.01       66.00       65.98       65.97       65.96       65.94    
        65.92       65.90       65.88       65.85       65.83       65.80       65.77       65.74       65.70       65.67    
        65.63       65.59       65.55       65.50       65.46       65.41       65.36       65.31       65.26       65.20    
        65.15       65.09       65.03       64.96       64.90       64.83       64.76       64.69       64.62       64.55    
        64.47       64.39       64.31       64.23       64.14       64.06       63.97       63.88       63.78       63.69    
        63.59       63.49       63.39       63.28       63.18       63.07       62.96       62.85       62.73       62.61    
        62.49       62.37       62.25       62.12       61.99       61.85       61.72       61.58       61.44       61.30    
        61.15       61.00       60.85       60.69       60.53       60.37       60.20       60.03       59.86       59.68    
        59.50       59.31       59.12       58.92       58.71       58.51       58.29       58.08       57.89       57.71    
        57.59       57.52       57.51       57.51       57.54       57.56       57.58       57.60       57.61       57.62    
  38    66.02       66.02       66.02       66.01       66.00       66.00       65.98       65.97       65.96       65.94    
        65.92       65.90       65.88       65.85       65.83       65.80       65.77       65.74       65.70       65.67    
        65.63       65.59       65.55       65.50       65.46       65.41       65.36       65.31       65.26       65.20    
        65.14       65.09       65.02       64.96       64.90       64.83       64.76       64.69       64.62       64.54    
        64.47       64.39       64.31       64.22       64.14       64.05       63.96       63.87       63.78       63.68    
        63.58       63.48       63.38       63.28       63.17       63.06       62.95       62.84       62.72       62.60    
        62.48       62.36       62.23       62.10       61.97       61.84       61.70       61.56       61.42       61.27    
        61.12       60.97       60.82       60.66       60.49       60.33       60.16       59.98       59.81       59.62    
        59.43       59.24       59.03       58.82       58.60       58.37       58.13       57.89       57.64       57.43    
        57.28       57.24       57.27       57.32       57.38       57.43       57.47       57.51       57.54       57.56    
  39    66.02       66.02       66.02       66.01       66.00       65.99       65.98       65.97       65.95       65.94    
        65.92       65.90       65.88       65.85       65.82       65.80       65.77       65.73       65.70       65.66    
        65.63       65.59       65.55       65.50       65.46       65.41       65.36       65.31       65.25       65.20    
        65.14       65.08       65.02       64.96       64.89       64.83       64.76       64.69       64.61       64.54    
        64.46       64.38       64.30       64.22       64.13       64.05       63.96       63.87       63.77       63.68    
        63.58       63.48       63.37       63.27       63.16       63.05       62.94       62.83       62.71       62.59    
        62.47       62.34       62.22       62.09       61.95       61.82       61.68       61.54       61.39       61.25    
        61.10       60.94       60.78       60.62       60.46       60.29       60.11       59.94       59.75       59.56    
        59.37       59.16       58.95       58.73       58.49       58.24       57.97       57.68       57.37       57.07    
        56.85       56.88       57.00       57.12       57.22       57.30       57.37       57.42       57.46       57.49    
  40    66.02       66.02       66.02       66.01       66.00       65.99       65.98       65.97       65.95       65.94    
        65.92       65.90       65.88       65.85       65.82       65.80       65.77       65.73       65.70       65.66    
        65.63       65.59       65.54       65.50       65.45       65.41       65.36       65.31       65.25       65.20    
        65.14       65.08       65.02       64.96       64.89       64.83       64.76       64.69       64.61       64.54    
        64.46       64.38       64.30       64.22       64.13       64.04       63.95       63.86       63.77       63.67    
        63.57       63.47       63.37       63.26       63.15       63.04       62.93       62.82       62.70       62.58    
        62.46       62.33       62.20       62.07       61.94       61.80       61.66       61.52       61.37       61.22    
        61.07       60.91       60.75       60.59       60.42       60.25       60.07       59.89       59.70       59.51    
        59.31       59.09       58.87       58.64       58.39       58.12       57.82       57.49       57.09       56.62    
        56.15       56.43       56.72       56.93       57.08       57.19       57.28       57.34       57.39       57.43    
  41    66.02       66.02       66.02       66.01       66.00       65.99       65.98       65.97       65.95       65.94    
        65.92       65.90       65.87       65.85       65.82       65.79       65.76       65.73       65.70       65.66    
        65.62       65.58       65.54       65.50       65.45       65.41       65.36       65.31       65.25       65.20    
        65.14       65.08       65.02       64.96       64.89       64.82       64.75       64.68       64.61       64.53    
        64.46       64.38       64.30       64.21       64.13       64.04       63.95       63.86       63.76       63.66    
        63.57       63.46       63.36       63.25       63.15       63.04       62.92       62.81       62.69       62.57    
        62.44       62.32       62.19       62.06       61.92       61.79       61.64       61.50       61.35       61.20    
        61.05       60.89       60.73       60.56       60.39       60.21       60.03       59.85       59.66       59.46    
        59.25       59.03       58.80       58.56       58.31       58.03       57.71       57.35       56.87       56.15    
        54.62       55.97       56.50       56.79       56.97       57.10       57.20       57.28       57.33       57.38    
  42    66.02       66.02       66.02       66.01       66.00       65.99       65.98       65.97       65.95       65.94    
        65.92       65.90       65.87       65.85       65.82       65.79       65.76       65.73       65.70       65.66    
        65.62       65.58       65.54       65.50       65.45       65.41       65.36       65.30       65.25       65.20    
        65.14       65.08       65.02       64.95       64.89       64.82       64.75       64.68       64.61       64.53    
        64.45       64.37       64.29       64.21       64.12       64.03       63.94       63.85       63.76       63.66    
        63.56       63.46       63.35       63.25       63.14       63.03       62.91       62.80       62.68       62.56    
        62.43       62.31       62.18       62.04       61.91       61.77       61.63       61.48       61.33       61.18    
        61.03       60.87       60.70       60.53       60.36       60.18       60.00       59.81       59.61       59.41    
        59.20       58.98       58.75       58.50       58.24       57.96       57.65       57.30       56.90       56.42    
        55.95       56.24       56.53       56.75       56.91       57.04       57.14       57.22       57.28       57.34    
  43    66.02       66.02       66.01       66.01       66.00       65.99       65.98       65.97       65.95       65.94    
        65.92       65.90       65.87       65.85       65.82       65.79       65.76       65.73       65.70       65.66    
        65.62       65.58       65.54       65.50       65.45       65.40       65.35       65.30       65.25       65.19    
        65.14       65.08       65.02       64.95       64.89       64.82       64.75       64.68       64.60       64.53    
        64.45       64.37       64.29       64.21       64.12       64.03       63.94       63.85       63.75       63.66    
        63.56       63.45       63.35       63.24       63.13       63.02       62.91       62.79       62.67       62.55    
        62.42       62.30       62.17       62.03       61.90       61.76       61.61       61.47       61.32       61.16    
        61.01       60.84       60.68       60.51       60.33       60.15       59.97       59.77       59.58       59.37    
        59.15       58.93       58.69       58.45       58.19       57.91       57.62       57.31       56.99       56.67    
        56.45       56.49       56.62       56.76       56.89       57.00       57.09       57.17       57.24       57.30    
  44    66.02       66.02       66.01       66.01       66.00       65.99       65.98       65.97       65.95       65.94    
        65.92       65.90       65.87       65.85       65.82       65.79       65.76       65.73       65.70       65.66    
        65.62       65.58       65.54       65.50       65.45       65.40       65.35       65.30       65.25       65.19    
        65.14       65.08       65.01       64.95       64.89       64.82       64.75       64.68       64.60       64.53    
        64.45       64.37       64.29       64.20       64.12       64.03       63.94       63.84       63.75       63.65    
        63.55       63.45       63.34       63.24       63.13       63.02       62.90       62.78       62.66       62.54    
        62.42       62.29       62.16       62.02       61.89       61.74       61.60       61.45       61.30       61.15    
        60.99       60.82       60.66       60.48       60.31       60.12       59.94       59.74       59.54       59.33    
        59.11       58.89       58.65       58.40       58.15       57.88       57.60       57.32       57.06       56.82    
        56.67       56.64       56.69       56.78       56.87       56.97       57.06       57.14       57.21       57.26    
  45    66.02       66.02       66.01       66.01       66.00       65.99       65.98       65.97       65.95       65.93    
        65.92       65.89       65.87       65.85       65.82       65.79       65.76       65.73       65.70       65.66    
        65.62       65.58       65.54       65.50       65.45       65.40       65.35       65.30       65.25       65.19    
        65.13       65.07       65.01       64.95       64.88       64.82       64.75       64.67       64.60       64.53    
        64.45       64.37       64.29       64.20       64.11       64.03       63.93       63.84       63.75       63.65    
        63.55       63.45       63.34       63.23       63.12       63.01       62.90       62.78       62.66       62.54    
        62.41       62.28       62.15       62.01       61.88       61.73       61.59       61.44       61.29       61.13    
        60.97       60.81       60.64       60.46       60.29       60.10       59.91       59.71       59.51       59.30    
        59.08       58.85       58.61       58.36       58.11       57.85       57.58       57.32       57.08       56.89    
        56.75       56.70       56.72       56.78       56.86       56.94       57.03       57.10       57.17       57.24    
  46    66.02       66.02       66.01       66.01       66.00       65.99       65.98       65.97       65.95       65.93    
        65.92       65.89       65.87       65.85       65.82       65.79       65.76       65.73       65.70       65.66    
        65.62       65.58       65.54       65.50       65.45       65.40       65.35       65.30       65.25       65.19    
        65.13       65.07       65.01       64.95       64.88       64.82       64.75       64.67       64.60       64.52    
        64.45       64.37       64.28       64.20       64.11       64.02       63.93       63.84       63.74       63.64    
        63.54       63.44       63.34       63.23       63.12       63.01       62.89       62.77       62.65       62.53    
        62.40       62.27       62.14       62.01       61.87       61.72       61.58       61.43       61.28       61.12    
        60.96       60.79       60.62       60.45       60.27       60.08       59.89       59.69       59.49       59.27    
        59.05       58.82       58.58       58.33       58.07       57.81       57.55       57.30       57.07       56.88    
        56.75       56.70       56.70       56.75       56.83       56.91       56.99       57.07       57.15       57.21    
  47    66.02       66.02       66.01       66.01       66.00       65.99       65.98       65.97       65.95       65.93    
        65.91       65.89       65.87       65.85       65.82       65.79       65.76       65.73       65.69       65.66    
        65.62       65.58       65.54       65.49       65.45       65.40       65.35       65.30       65.25       65.19    
        65.13       65.07       65.01       64.95       64.88       64.81       64.74       64.67       64.60       64.52    
        64.44       64.36       64.28       64.20       64.11       64.02       63.93       63.84       63.74       63.64    
        63.54       63.44       63.33       63.23       63.12       63.00       62.89       62.77       62.65       62.52    
        62.40       62.27       62.14       62.00       61.86       61.72       61.57       61.42       61.27       61.11    
        60.95       60.78       60.61       60.43       60.25       60.06       59.87       59.67       59.46       59.25    
        59.02       58.79       58.55       58.30       58.04       57.77       57.50       57.24       57.00       56.80    
        56.67       56.62       56.64       56.70       56.78       56.87       56.96       57.05       57.12       57.19    
  48    66.02       66.02       66.01       66.01       66.00       65.99       65.98       65.97       65.95       65.93    
        65.91       65.89       65.87       65.85       65.82       65.79       65.76       65.73       65.69       65.66    
        65.62       65.58       65.54       65.49       65.45       65.40       65.35       65.30       65.25       65.19    
        65.13       65.07       65.01       64.95       64.88       64.81       64.74       64.67       64.60       64.52    
        64.44       64.36       64.28       64.20       64.11       64.02       63.93       63.83       63.74       63.64    
        63.54       63.44       63.33       63.22       63.11       63.00       62.88       62.77       62.64       62.52    
        62.39       62.26       62.13       61.99       61.85       61.71       61.56       61.41       61.26       61.10    
        60.94       60.77       60.60       60.42       60.24       60.05       59.86       59.66       59.45       59.23    
        59.00       58.77       58.52       58.27       58.00       57.73       57.45       57.16       56.89       56.65    
        56.50       56.47       56.53       56.62       56.73       56.83       56.93       57.02       57.10       57.17    
  49    66.02       66.02       66.01       66.01       66.00       65.99       65.98       65.97       65.95       65.93    
        65.91       65.89       65.87       65.85       65.82       65.79       65.76       65.73       65.69       65.66    
        65.62       65.58       65.54       65.49       65.45       65.40       65.35       65.30       65.24       65.19    
        65.13       65.07       65.01       64.95       64.88       64.81       64.74       64.67       64.60       64.52    
        64.44       64.36       64.28       64.19       64.11       64.02       63.93       63.83       63.74       63.64    
        63.54       63.44       63.33       63.22       63.11       63.00       62.88       62.76       62.64       62.52    
        62.39       62.26       62.13       61.99       61.85       61.71       61.56       61.41       61.25       61.10    
        60.93       60.76       60.59       60.41       60.23       60.04       59.85       59.64       59.43       59.22    
        58.99       58.75       58.50       58.24       57.97       57.68       57.38       57.06       56.73       56.42    
        56.19       56.24       56.37       56.52       56.67       56.79       56.90       57.00       57.08       57.16    
  50    66.02       66.02       66.01       66.01       66.00       65.99       65.98       65.97       65.95       65.93    
        65.91       65.89       65.87       65.85       65.82       65.79       65.76       65.73       65.69       65.66    
        65.62       65.58       65.54       65.49       65.45       65.40       65.35       65.30       65.24       65.19    
        65.13       65.07       65.01       64.95       64.88       64.81       64.74       64.67       64.60       64.52    
        64.44       64.36       64.28       64.19       64.11       64.02       63.93       63.83       63.74       63.64    
        63.54       63.43       63.33       63.22       63.11       63.00       62.88       62.76       62.64       62.52    
        62.39       62.26       62.12       61.99       61.85       61.70       61.56       61.41       61.25       61.09    
        60.93       60.76       60.59       60.41       60.23       60.04       59.84       59.64       59.43       59.21    
        58.98       58.74       58.49       58.23       57.95       57.65       57.33       56.97       56.56       56.08    
        55.60       55.90       56.20       56.43       56.61       56.76       56.88       56.98       57.07       57.15    
  51    66.02       66.02       66.01       66.01       66.00       65.99       65.98       65.97       65.95       65.93    
        65.91       65.89       65.87       65.85       65.82       65.79       65.76       65.73       65.69       65.66    
        65.62       65.58       65.54       65.49       65.45       65.40       65.35       65.30       65.24       65.19    
        65.13       65.07       65.01       64.95       64.88       64.81       64.74       64.67       64.60       64.52    
        64.44       64.36       64.28       64.19       64.11       64.02       63.93       63.83       63.74       63.64    
        63.54       63.43       63.33       63.22       63.11       63.00       62.88       62.76       62.64       62.51    
        62.39       62.26       62.12       61.99       61.85       61.70       61.56       61.40       61.25       61.09    
        60.93       60.76       60.59       60.41       60.22       60.03       59.84       59.64       59.42       59.20    
        58.98       58.74       58.49       58.22       57.94       57.64       57.31       56.92       56.44       55.71    
        54.18       55.53       56.08       56.39       56.59       56.75       56.87       56.98       57.07       57.15    
  52    66.02       66.02       66.01       66.01       66.00       65.99       65.98       65.97       65.95       65.93    
        65.91       65.89       65.87       65.85       65.82       65.79       65.76       65.73       65.69       65.66    
        65.62       65.58       65.54       65.49       65.45       65.40       65.35       65.30       65.24       65.19    
        65.13       65.07       65.01       64.95       64.88       64.81       64.74       64.67       64.60       64.52    
        64.44       64.36       64.28       64.19       64.11       64.02       63.93       63.83       63.74       63.64    
        63.54       63.43       63.33       63.22       63.11       63.00       62.88       62.76       62.64       62.52    
        62.39       62.26       62.12       61.99       61.85       61.70       61.56       61.41       61.25       61.09    
        60.93       60.76       60.59       60.41       60.22       60.04       59.84       59.64       59.43       59.21    
        58.98       58.74       58.49       58.23       57.95       57.65       57.33       56.97       56.56       56.08    
        55.60       55.90       56.20       56.43       56.61       56.76       56.88       56.98       57.07       57.15    
  53    66.02       66.02       66.01       66.01       66.00       65.99       65.98       65.97       65.95       65.93    
        65.91       65.89       65.87       65.85       65.82       65.79       65.76       65.73       65.69       65.66    
        65.62       65.58       65.54       65.49       65.45       65.40       65.35       65.30       65.24       65.19    
        65.13       65.07       65.01       64.95       64.88       64.81       64.74       64.67       64.60       64.52    
        64.44       64.36       64.28       64.19       64.11       64.02       63.93       63.83       63.74       63.64    
        63.54       63.43       63.33       63.22       63.11       63.00       62.88       62.76       62.64       62.52    
        62.39       62.26       62.13       61.99       61.85       61.71       61.56       61.41       61.25       61.09    
        60.93       60.76       60.59       60.41       60.23       60.04       59.85       59.64       59.43       59.22    
        58.99       58.75       58.50       58.24       57.97       57.68       57.38       57.06       56.73       56.41    
        56.19       56.23       56.37       56.52       56.67       56.79       56.90       57.00       57.08       57.16    
  54    66.02       66.02       66.01       66.01       66.00       65.99       65.98       65.97       65.95       65.93    
        65.91       65.89       65.87       65.85       65.82       65.79       65.76       65.73       65.69       65.66    
        65.62       65.58       65.54       65.49       65.45       65.40       65.35       65.30       65.24       65.19    
        65.13       65.07       65.01       64.95       64.88       64.81       64.74       64.67       64.60       64.52    
        64.44       64.36       64.28       64.19       64.11       64.02       63.93       63.83       63.74       63.64    
        63.54       63.44       63.33       63.22       63.11       63.00       62.88       62.76       62.64       62.52    
        62.39       62.26       62.13       61.99       61.85       61.71       61.56       61.41       61.26       61.10    
        60.94       60.77       60.60       60.42       60.24       60.05       59.86       59.65       59.45       59.23    
        59.00       58.77       58.52       58.27       58.00       57.73       57.44       57.16       56.89       56.65    
        56.50       56.47       56.53       56.62       56.73       56.83       56.93       57.02       57.10       57.17    
  55    66.02       66.02       66.01       66.01       66.00       65.99       65.98       65.97       65.95       65.93    
        65.91       65.89       65.87       65.85       65.82       65.79       65.76       65.73       65.69       65.66    
        65.62       65.58       65.54       65.49       65.45       65.40       65.35       65.30       65.24       65.19    
        65.13       65.07       65.01       64.95       64.88       64.81       64.74       64.67       64.60       64.52    
        64.44       64.36       64.28       64.20       64.11       64.02       63.93       63.83       63.74       63.64    
        63.54       63.44       63.33       63.22       63.11       63.00       62.89       62.77       62.65       62.52    
        62.40       62.27       62.13       62.00       61.86       61.72       61.57       61.42       61.27       61.11    
        60.95       60.78       60.61       60.43       60.25       60.06       59.87       59.67       59.46       59.25    
        59.02       58.79       58.55       58.30       58.04       57.77       57.50       57.24       57.00       56.80    
        56.67       56.62       56.64       56.70       56.78       56.87       56.96       57.05       57.12       57.19    
  56    66.02       66.02       66.01       66.01       66.00       65.99       65.98       65.97       65.95       65.93    
        65.91       65.89       65.87       65.85       65.82       65.79       65.76       65.73       65.69       65.66    
        65.62       65.58       65.54       65.49       65.45       65.40       65.35       65.30       65.25       65.19    
        65.13       65.07       65.01       64.95       64.88       64.81       64.74       64.67       64.60       64.52    
        64.44       64.36       64.28       64.20       64.11       64.02       63.93       63.84       63.74       63.64    
        63.54       63.44       63.34       63.23       63.12       63.00       62.89       62.77       62.65       62.53    
        62.40       62.27       62.14       62.00       61.87       61.72       61.58       61.43       61.27       61.12    
        60.96       60.79       60.62       60.45       60.27       60.08       59.89       59.69       59.48       59.27    
        59.05       58.82       58.58       58.33       58.07       57.81       57.55       57.30       57.07       56.88    
        56.75       56.70       56.70       56.75       56.83       56.91       56.99       57.07       57.15       57.21    
  57    66.02       66.02       66.01       66.01       66.00       65.99       65.98       65.97       65.95       65.93    
        65.91       65.89       65.87       65.85       65.82       65.79       65.76       65.73       65.69       65.66    
        65.62       65.58       65.54       65.49       65.45       65.40       65.35       65.30       65.25       65.19    
        65.13       65.07       65.01       64.95       64.88       64.81       64.74       64.67       64.60       64.52    
        64.45       64.37       64.28       64.20       64.11       64.02       63.93       63.84       63.74       63.65    
        63.55       63.44       63.34       63.23       63.12       63.01       62.89       62.78       62.66       62.53    
        62.41       62.28       62.15       62.01       61.87       61.73       61.59       61.44       61.29       61.13    
        60.97       60.81       60.64       60.46       60.28       60.10       59.91       59.71       59.51       59.30    
        59.08       58.85       58.61       58.36       58.11       57.85       57.58       57.32       57.08       56.88    
        56.75       56.70       56.72       56.78       56.86       56.94       57.02       57.10       57.17       57.24    
  58    66.02       66.02       66.01       66.01       66.00       65.99       65.98       65.97       65.95       65.93    
        65.91       65.89       65.87       65.85       65.82       65.79       65.76       65.73       65.69       65.66    
        65.62       65.58       65.54       65.49       65.45       65.40       65.35       65.30       65.25       65.19    
        65.13       65.07       65.01       64.95       64.88       64.82       64.75       64.67       64.60       64.52    
        64.45       64.37       64.28       64.20       64.11       64.03       63.93       63.84       63.75       63.65    
        63.55       63.45       63.34       63.24       63.13       63.01       62.90       62.78       62.66       62.54    
        62.41       62.29       62.15       62.02       61.88       61.74       61.60       61.45       61.30       61.14    
        60.99       60.82       60.65       60.48       60.31       60.12       59.93       59.74       59.54       59.33    
        59.11       58.88       58.65       58.40       58.14       57.88       57.60       57.32       57.05       56.82    
        56.67       56.64       56.69       56.78       56.87       56.97       57.06       57.14       57.20       57.26    
  59    66.02       66.02       66.01       66.01       66.00       65.99       65.98       65.97       65.95       65.93    
        65.91       65.89       65.87       65.85       65.82       65.79       65.76       65.73       65.69       65.66    
        65.62       65.58       65.54       65.50       65.45       65.40       65.35       65.30       65.25       65.19    
        65.13       65.07       65.01       64.95       64.88       64.82       64.75       64.68       64.60       64.53    
        64.45       64.37       64.29       64.20       64.12       64.03       63.94       63.84       63.75       63.65    
        63.55       63.45       63.35       63.24       63.13       63.02       62.90       62.79       62.67       62.55    
        62.42       62.29       62.16       62.03       61.89       61.75       61.61       61.46       61.31       61.16    
        61.00       60.84       60.68       60.50       60.33       60.15       59.96       59.77       59.57       59.37    
        59.15       58.93       58.69       58.45       58.19       57.91       57.62       57.31       56.98       56.67    
        56.45       56.49       56.62       56.76       56.89       57.00       57.09       57.17       57.24       57.30    
  60    66.02       66.02       66.01       66.01       66.00       65.99       65.98       65.97       65.95       65.93    
        65.91       65.89       65.87       65.85       65.82       65.79       65.76       65.73       65.70       65.66    
        65.62       65.58       65.54       65.50       65.45       65.40       65.35       65.30       65.25       65.19    
        65.14       65.08       65.01       64.95       64.89       64.82       64.75       64.68       64.60       64.53    
        64.45       64.37       64.29       64.21       64.12       64.03       63.94       63.85       63.75       63.66    
        63.56       63.46       63.35       63.25       63.14       63.03       62.91       62.80       62.68       62.56    
        62.43       62.30       62.17       62.04       61.91       61.77       61.62       61.48       61.33       61.18    
        61.02       60.86       60.70       60.53       60.36       60.18       60.00       59.81       59.61       59.41    
        59.20       58.97       58.74       58.50       58.24       57.96       57.65       57.30       56.90       56.42    
        55.95       56.24       56.53       56.75       56.91       57.04       57.14       57.22       57.28       57.33    
  61    66.02       66.02       66.01       66.01       66.00       65.99       65.98       65.97       65.95       65.93    
        65.92       65.89       65.87       65.85       65.82       65.79       65.76       65.73       65.70       65.66    
        65.62       65.58       65.54       65.50       65.45       65.40       65.35       65.30       65.25       65.19    
        65.14       65.08       65.02       64.95       64.89       64.82       64.75       64.68       64.61       64.53    
        64.45       64.37       64.29       64.21       64.12       64.03       63.94       63.85       63.76       63.66    
        63.56       63.46       63.36       63.25       63.14       63.03       62.92       62.80       62.68       62.56    
        62.44       62.31       62.19       62.05       61.92       61.78       61.64       61.50       61.35       61.20    
        61.04       60.89       60.72       60.56       60.39       60.21       60.03       59.85       59.65       59.45    
        59.25       59.03       58.80       58.56       58.30       58.02       57.71       57.34       56.87       56.15    
        54.62       55.96       56.50       56.79       56.97       57.10       57.20       57.27       57.33       57.38    
  62    66.02       66.02       66.01       66.01       66.00       65.99       65.98       65.97       65.95       65.93    
        65.92       65.89       65.87       65.85       65.82       65.79       65.76       65.73       65.70       65.66    
        65.62       65.58       65.54       65.50       65.45       65.40       65.35       65.30       65.25       65.19    
        65.14       65.08       65.02       64.95       64.89       64.82       64.75       64.68       64.61       64.53    
        64.46       64.38       64.30       64.21       64.13       64.04       63.95       63.86       63.76       63.67    
        63.57       63.47       63.36       63.26       63.15       63.04       62.93       62.81       62.69       62.57    
        62.45       62.33       62.20       62.07       61.93       61.80       61.66       61.51       61.37       61.22    
        61.07       60.91       60.75       60.59       60.42       60.25       60.07       59.89       59.70       59.50    
        59.30       59.09       58.87       58.64       58.39       58.12       57.82       57.48       57.09       56.62    
        56.15       56.43       56.71       56.93       57.08       57.19       57.28       57.34       57.39       57.43    
  63    66.02       66.02       66.01       66.01       66.00       65.99       65.98       65.97       65.95       65.93    
        65.92       65.90       65.87       65.85       65.82       65.79       65.76       65.73       65.70       65.66    
        65.62       65.58       65.54       65.50       65.45       65.41       65.36       65.30       65.25       65.20    
        65.14       65.08       65.02       64.96       64.89       64.82       64.75       64.68       64.61       64.54    
        64.46       64.38       64.30       64.22       64.13       64.04       63.95       63.86       63.77       63.67    
        63.57       63.47       63.37       63.26       63.16       63.05       62.94       62.82       62.70       62.58    
        62.46       62.34       62.21       62.08       61.95       61.81       61.68       61.53       61.39       61.24    
        61.09       60.94       60.78       60.62       60.45       60.28       60.11       59.93       59.75       59.56    
        59.36       59.16       58.95       58.72       58.49       58.24       57.97       57.68       57.37       57.07    
        56.84       56.88       56.99       57.12       57.22       57.30       57.37       57.42       57.46       57.49    
  64    66.02       66.02       66.01       66.01       66.00       65.99       65.98       65.97       65.95       65.94    
        65.92       65.90       65.87       65.85       65.82       65.79       65.76       65.73       65.70       65.66    
        65.62       65.58       65.54       65.50       65.45       65.41       65.36       65.31       65.25       65.20    
        65.14       65.08       65.02       64.96       64.89       64.83       64.76       64.69       64.61       64.54    
        64.46       64.38       64.30       64.22       64.13       64.05       63.96       63.87       63.77       63.68    
        63.58       63.48       63.38       63.27       63.16       63.06       62.94       62.83       62.71       62.60    
        62.47       62.35       62.23       62.10       61.97       61.83       61.69       61.55       61.41       61.27    
        61.12       60.97       60.81       60.65       60.49       60.32       60.15       59.98       59.80       59.62    
        59.43       59.23       59.03       58.82       58.60       58.37       58.13       57.88       57.64       57.42    
        57.27       57.24       57.26       57.32       57.38       57.43       57.47       57.51       57.54       57.55    
  65    66.02       66.02       66.01       66.01       66.00       65.99       65.98       65.97       65.95       65.94    
        65.92       65.90       65.87       65.85       65.82       65.79       65.76       65.73       65.70       65.66    
        65.63       65.59       65.54       65.50       65.45       65.41       65.36       65.31       65.25       65.20    
        65.14       65.08       65.02       64.96       64.90       64.83       64.76       64.69       64.62       64.54    
        64.46       64.39       64.31       64.22       64.14       64.05       63.96       63.87       63.78       63.68    
        63.58       63.49       63.38       63.28       63.17       63.06       62.95       62.84       62.73       62.61    
        62.49       62.37       62.24       62.11       61.98       61.85       61.71       61.58       61.44       61.29    
        61.15       61.00       60.84       60.69       60.53       60.37       60.20       60.03       59.86       59.68    
        59.50       59.31       59.11       58.92       58.71       58.50       58.29       58.08       57.88       57.71    
        57.58       57.52       57.50       57.51       57.53       57.56       57.58       57.60       57.61       57.62    
  66    66.02       66.02       66.02       66.01       66.00       65.99       65.98       65.97       65.95       65.94    
        65.92       65.90       65.87       65.85       65.82       65.80       65.77       65.73       65.70       65.66    
        65.63       65.59       65.54       65.50       65.46       65.41       65.36       65.31       65.26       65.20    
        65.14       65.09       65.02       64.96       64.90       64.83       64.76       64.69       64.62       64.54    
        64.47       64.39       64.31       64.23       64.14       64.06       63.97       63.88       63.78       63.69    
        63.59       63.49       63.39       63.29       63.18       63.07       62.96       62.85       62.74       62.62    
        62.50       62.38       62.26       62.13       62.00       61.87       61.73       61.60       61.46       61.32    
        61.17       61.03       60.88       60.72       60.57       60.41       60.25       60.08       59.91       59.74    
        59.57       59.39       59.20       59.02       58.83       58.63       58.45       58.26       58.09       57.94    
        57.83       57.75       57.71       57.69       57.68       57.68       57.69       57.69       57.69       57.69    
  67    66.02       66.02       66.02       66.01       66.00       65.99       65.98       65.97       65.95       65.94    
        65.92       65.90       65.88       65.85       65.82       65.80       65.77       65.73       65.70       65.66    
        65.63       65.59       65.55       65.50       65.46       65.41       65.36       65.31       65.26       65.20    
        65.15       65.09       65.03       64.96       64.90       64.83       64.76       64.69       64.62       64.55    
        64.47       64.39       64.31       64.23       64.15       64.06       63.97       63.88       63.79       63.69    
        63.60       63.50       63.40       63.30       63.19       63.08       62.97       62.86       62.75       62.63    
        62.51       62.39       62.27       62.15       62.02       61.89       61.76       61.62       61.48       61.34    
        61.20       61.06       60.91       60.76       60.61       60.45       60.29       60.13       59.97       59.80    
        59.64       59.46       59.29       59.11       58.94       58.76       58.59       58.43       58.27       58.14    
        58.03       57.95       57.89       57.85       57.82       57.81       57.79       57.78       57.77       57.76    
  68    66.02       66.02       66.02       66.01       66.00       65.99       65.98       65.97       65.95       65.94    
        65.92       65.90       65.88       65.85       65.83       65.80       65.77       65.73       65.70       65.67    
        65.63       65.59       65.55       65.50       65.46       65.41       65.36       65.31       65.26       65.20    
        65.15       65.09       65.03       64.97       64.90       64.84       64.77       64.70       64.63       64.55    
        64.48       64.40       64.32       64.24       64.15       64.07       63.98       63.89       63.80       63.70    
        63.61       63.51       63.41       63.30       63.20       63.09       62.99       62.87       62.76       62.65    
        62.53       62.41       62.29       62.16       62.04       61.91       61.78       61.65       61.51       61.37    
        61.23       61.09       60.94       60.80       60.65       60.50       60.34       60.19       60.03       59.87    
        59.71       59.54       59.38       59.21       59.04       58.88       58.72       58.57       58.43       58.31    
        58.20       58.11       58.05       57.99       57.95       57.92       57.89       57.87       57.85       57.83    
  69    66.02       66.02       66.02       66.01       66.00       65.99       65.98       65.97       65.95       65.94    
        65.92       65.90       65.88       65.85       65.83       65.80       65.77       65.74       65.70       65.67    
        65.63       65.59       65.55       65.51       65.46       65.41       65.36       65.31       65.26       65.21    
        65.15       65.09       65.03       64.97       64.90       64.84       64.77       64.70       64.63       64.55    
        64.48       64.40       64.32       64.24       64.16       64.07       63.98       63.89       63.80       63.71    
        63.61       63.52       63.42       63.31       63.21       63.10       63.00       62.89       62.77       62.66    
        62.54       62.42       62.30       62.18       62.06       61.93       61.80       61.67       61.54       61.40    
        61.26       61.12       60.98       60.84       60.69       60.54       60.39       60.24       60.09       59.93    
        59.77       59.62       59.46       59.30       59.15       58.99       58.84       58.70       58.57       58.45    
        58.35       58.26       58.18       58.12       58.07       58.02       57.99       57.95       57.92       57.89    
  70    66.02       66.02       66.02       66.01       66.00       65.99       65.98       65.97       65.96       65.94    
        65.92       65.90       65.88       65.85       65.83       65.80       65.77       65.74       65.70       65.67    
        65.63       65.59       65.55       65.51       65.46       65.41       65.37       65.32       65.26       65.21    
        65.15       65.09       65.03       64.97       64.91       64.84       64.77       64.70       64.63       64.56    
        64.48       64.41       64.33       64.24       64.16       64.08       63.99       63.90       63.81       63.72    
        63.62       63.52       63.42       63.32       63.22       63.11       63.01       62.90       62.79       62.67    
        62.56       62.44       62.32       62.20       62.08       61.95       61.82       61.69       61.56       61.43    
        61.29       61.15       61.01       60.87       60.73       60.59       60.44       60.29       60.14       59.99    
        59.84       59.69       59.54       59.39       59.24       59.10       58.96       58.82       58.70       58.58    
        58.48       58.39       58.31       58.24       58.17       58.12       58.07       58.03       57.99       57.95    
  71    66.02       66.02       66.02       66.01       66.00       66.00       65.98       65.97       65.96       65.94    
        65.92       65.90       65.88       65.85       65.83       65.80       65.77       65.74       65.70       65.67    
        65.63       65.59       65.55       65.51       65.46       65.42       65.37       65.32       65.26       65.21    
        65.15       65.10       65.04       64.97       64.91       64.84       64.78       64.71       64.64       64.56    
        64.49       64.41       64.33       64.25       64.17       64.08       63.99       63.91       63.82       63.72    
        63.63       63.53       63.43       63.33       63.23       63.13       63.02       62.91       62.80       62.69    
        62.57       62.46       62.34       62.22       62.10       61.97       61.85       61.72       61.59       61.46    
        61.32       61.19       61.05       60.91       60.77       60.63       60.49       60.34       60.20       60.05    
        59.91       59.76       59.62       59.47       59.33       59.19       59.06       58.93       58.81       58.70    
        58.59       58.50       58.41       58.34       58.27       58.21       58.15       58.10       58.05       58.00    
  72    66.02       66.02       66.02       66.01       66.01       66.00       65.98       65.97       65.96       65.94    
        65.92       65.90       65.88       65.85       65.83       65.80       65.77       65.74       65.71       65.67    
        65.63       65.59       65.55       65.51       65.46       65.42       65.37       65.32       65.27       65.21    
        65.16       65.10       65.04       64.98       64.91       64.85       64.78       64.71       64.64       64.57    
        64.49       64.41       64.34       64.25       64.17       64.09       64.00       63.91       63.82       63.73    
        63.64       63.54       63.44       63.34       63.24       63.14       63.03       62.92       62.81       62.70    
        62.59       62.47       62.36       62.24       62.12       61.99       61.87       61.74       61.61       61.48    
        61.35       61.22       61.08       60.95       60.81       60.67       60.53       60.39       60.25       60.11    
        59.97       59.83       59.69       59.55       59.41       59.28       59.15       59.03       58.91       58.80    
        58.69       58.60       58.51       58.43       58.36       58.29       58.22       58.16       58.11       58.06    
  73    66.02       66.02       66.02       66.01       66.01       66.00       65.99       65.97       65.96       65.94    
        65.92       65.90       65.88       65.86       65.83       65.80       65.77       65.74       65.71       65.67    
        65.63       65.59       65.55       65.51       65.47       65.42       65.37       65.32       65.27       65.21    
        65.16       65.10       65.04       64.98       64.92       64.85       64.78       64.71       64.64       64.57    
        64.50       64.42       64.34       64.26       64.18       64.09       64.01       63.92       63.83       63.74    
        63.64       63.55       63.45       63.35       63.25       63.15       63.04       62.93       62.83       62.72    
        62.60       62.49       62.37       62.25       62.14       62.01       61.89       61.77       61.64       61.51    
        61.38       61.25       61.12       60.98       60.85       60.71       60.58       60.44       60.30       60.16    
        60.03       59.89       59.76       59.62       59.49       59.36       59.23       59.11       59.00       58.89    
        58.78       58.69       58.60       58.51       58.43       58.36       58.29       58.23       58.16       58.10    
  74    66.03       66.02       66.02       66.01       66.01       66.00       65.99       65.97       65.96       65.94    
        65.92       65.90       65.88       65.86       65.83       65.80       65.77       65.74       65.71       65.67    
        65.63       65.60       65.55       65.51       65.47       65.42       65.37       65.32       65.27       65.22    
        65.16       65.10       65.04       64.98       64.92       64.85       64.79       64.72       64.65       64.57    
        64.50       64.42       64.34       64.26       64.18       64.10       64.01       63.93       63.84       63.74    
        63.65       63.56       63.46       63.36       63.26       63.16       63.05       62.95       62.84       62.73    
        62.62       62.50       62.39       62.27       62.15       62.03       61.91       61.79       61.66       61.54    
        61.41       61.28       61.15       61.02       60.89       60.75       60.62       60.49       60.35       60.22    
        60.08       59.95       59.82       59.69       59.56       59.43       59.31       59.19       59.08       58.97    
        58.87       58.77       58.67       58.59       58.50       58.43       58.35       58.28       58.21       58.15    
  75    66.03       66.02       66.02       66.01       66.01       66.00       65.99       65.97       65.96       65.94    
        65.92       65.90       65.88       65.86       65.83       65.80       65.77       65.74       65.71       65.67    
        65.64       65.60       65.56       65.51       65.47       65.42       65.37       65.32       65.27       65.22    
        65.16       65.10       65.05       64.98       64.92       64.86       64.79       64.72       64.65       64.58    
        64.50       64.43       64.35       64.27       64.19       64.10       64.02       63.93       63.84       63.75    
        63.66       63.56       63.47       63.37       63.27       63.17       63.06       62.96       62.85       62.74    
        62.63       62.52       62.41       62.29       62.17       62.06       61.94       61.81       61.69       61.57    
        61.44       61.31       61.18       61.05       60.92       60.79       60.66       60.53       60.40       60.27    
        60.14       60.01       59.88       59.75       59.63       59.50       59.38       59.27       59.15       59.04    
        58.94       58.84       58.74       58.65       58.57       58.49       58.41       58.33       58.26       58.19    
  76    66.03       66.02       66.02       66.02       66.01       66.00       65.99       65.97       65.96       65.94    
        65.92       65.90       65.88       65.86       65.83       65.80       65.77       65.74       65.71       65.67    
        65.64       65.60       65.56       65.51       65.47       65.42       65.38       65.33       65.27       65.22    
        65.16       65.11       65.05       64.99       64.92       64.86       64.79       64.72       64.65       64.58    
        64.51       64.43       64.35       64.27       64.19       64.11       64.02       63.94       63.85       63.76    
        63.67       63.57       63.48       63.38       63.28       63.18       63.08       62.97       62.87       62.76    
        62.65       62.54       62.42       62.31       62.19       62.08       61.96       61.84       61.71       61.59    
        61.47       61.34       61.22       61.09       60.96       60.83       60.70       60.57       60.44       60.32    
        60.19       60.06       59.93       59.81       59.69       59.57       59.45       59.33       59.22       59.11    
        59.01       58.91       58.81       58.72       58.63       58.54       58.46       58.38       58.30       58.22    
  77    66.03       66.02       66.02       66.02       66.01       66.00       65.99       65.97       65.96       65.94    
        65.92       65.90       65.88       65.86       65.83       65.80       65.78       65.74       65.71       65.68    
        65.64       65.60       65.56       65.52       65.47       65.43       65.38       65.33       65.28       65.22    
        65.17       65.11       65.05       64.99       64.93       64.86       64.80       64.73       64.66       64.59    
        64.51       64.44       64.36       64.28       64.20       64.12       64.03       63.94       63.86       63.77    
        63.67       63.58       63.49       63.39       63.29       63.19       63.09       62.98       62.88       62.77    
        62.66       62.55       62.44       62.33       62.21       62.10       61.98       61.86       61.74       61.62    
        61.49       61.37       61.25       61.12       60.99       60.87       60.74       60.61       60.49       60.36    
        60.24       60.11       59.99       59.86       59.74       59.62       59.51       59.39       59.28       59.17    
        59.07       58.96       58.87       58.77       58.68       58.59       58.50       58.42       58.34       58.26    
  78    66.03       66.03       66.02       66.02       66.01       66.00       65.99       65.98       65.96       65.94    
        65.93       65.91       65.88       65.86       65.83       65.81       65.78       65.74       65.71       65.68    
        65.64       65.60       65.56       65.52       65.47       65.43       65.38       65.33       65.28       65.22    
        65.17       65.11       65.05       64.99       64.93       64.86       64.80       64.73       64.66       64.59    
        64.52       64.44       64.36       64.28       64.20       64.12       64.04       63.95       63.86       63.77    
        63.68       63.59       63.49       63.40       63.30       63.20       63.10       63.00       62.89       62.78    
        62.68       62.57       62.46       62.34       62.23       62.12       62.00       61.88       61.76       61.64    
        61.52       61.40       61.28       61.15       61.03       60.90       60.78       60.65       60.53       60.40    
        60.28       60.16       60.03       59.91       59.79       59.68       59.56       59.45       59.34       59.23    
        59.12       59.02       58.92       58.82       58.73       58.63       58.54       58.46       58.37       58.29    
  79    66.03       66.03       66.02       66.02       66.01       66.00       65.99       65.98       65.96       65.94    
        65.93       65.91       65.88       65.86       65.83       65.81       65.78       65.75       65.71       65.68    
        65.64       65.60       65.56       65.52       65.47       65.43       65.38       65.33       65.28       65.23    
        65.17       65.11       65.06       64.99       64.93       64.87       64.80       64.73       64.66       64.59    
        64.52       64.44       64.37       64.29       64.21       64.13       64.04       63.96       63.87       63.78    
        63.69       63.60       63.50       63.41       63.31       63.21       63.11       63.01       62.90       62.80    
        62.69       62.58       62.47       62.36       62.25       62.13       62.02       61.90       61.78       61.67    
        61.55       61.43       61.30       61.18       61.06       60.94       60.81       60.69       60.57       60.44    
        60.32       60.20       60.08       59.96       59.84       59.73       59.61       59.50       59.39       59.28    
        59.17       59.07       58.97       58.87       58.77       58.67       58.58       58.49       58.40       58.31    
  80    66.03       66.03       66.02       66.02       66.01       66.00       65.99       65.98       65.96       65.95    
        65.93       65.91       65.88       65.86       65.83       65.81       65.78       65.75       65.71       65.68    
        65.64       65.60       65.56       65.52       65.48       65.43       65.38       65.33       65.28       65.23    
        65.17       65.12       65.06       65.00       64.93       64.87       64.80       64.74       64.67       64.60    
        64.52       64.45       64.37       64.29       64.21       64.13       64.05       63.96       63.88       63.79    
        63.70       63.61       63.51       63.42       63.32       63.22       63.12       63.02       62.92       62.81    
        62.70       62.60       62.49       62.38       62.27       62.15       62.04       61.92       61.81       61.69    
        61.57       61.45       61.33       61.21       61.09       60.97       60.85       60.72       60.60       60.48    
        60.36       60.24       60.12       60.00       59.89       59.77       59.66       59.54       59.43       59.32    
        59.22       59.11       59.01       58.91       58.81       58.71       58.62       58.52       58.43       58.34    
  81    66.03       66.03       66.02       66.02       66.01       66.00       65.99       65.98       65.96       65.95    
        65.93       65.91       65.89       65.86       65.84       65.81       65.78       65.75       65.71       65.68    
        65.64       65.60       65.56       65.52       65.48       65.43       65.38       65.33       65.28       65.23    
        65.18       65.12       65.06       65.00       64.94       64.87       64.81       64.74       64.67       64.60    
        64.53       64.45       64.38       64.30       64.22       64.14       64.05       63.97       63.88       63.79    
        63.70       63.61       63.52       63.42       63.33       63.23       63.13       63.03       62.93       62.82    
        62.72       62.61       62.50       62.39       62.28       62.17       62.06       61.94       61.83       61.71    
        61.59       61.48       61.36       61.24       61.12       61.00       60.88       60.76       60.64       60.52    
        60.40       60.28       60.16       60.04       59.93       59.81       59.70       59.59       59.48       59.37    
        59.26       59.15       59.05       58.94       58.84       58.74       58.65       58.55       58.45       58.36    
  82    66.03       66.03       66.02       66.02       66.01       66.00       65.99       65.98       65.96       65.95    
        65.93       65.91       65.89       65.86       65.84       65.81       65.78       65.75       65.72       65.68    
        65.64       65.61       65.57       65.52       65.48       65.43       65.39       65.34       65.29       65.23    
        65.18       65.12       65.06       65.00       64.94       64.88       64.81       64.74       64.67       64.60    
        64.53       64.46       64.38       64.30       64.22       64.14       64.06       63.98       63.89       63.80    
        63.71       63.62       63.53       63.43       63.34       63.24       63.14       63.04       62.94       62.84    
        62.73       62.62       62.52       62.41       62.30       62.19       62.07       61.96       61.85       61.73    
        61.62       61.50       61.38       61.26       61.15       61.03       60.91       60.79       60.67       60.55    
        60.43       60.31       60.20       60.08       59.97       59.85       59.74       59.63       59.51       59.40    
        59.30       59.19       59.08       58.98       58.88       58.77       58.67       58.57       58.48       58.38    
  83    66.03       66.03       66.02       66.02       66.01       66.00       65.99       65.98       65.96       65.95    
        65.93       65.91       65.89       65.86       65.84       65.81       65.78       65.75       65.72       65.68    
        65.65       65.61       65.57       65.52       65.48       65.43       65.39       65.34       65.29       65.23    
        65.18       65.12       65.06       65.00       64.94       64.88       64.81       64.75       64.68       64.61    
        64.53       64.46       64.39       64.31       64.23       64.15       64.06       63.98       63.89       63.81    
        63.72       63.63       63.54       63.44       63.35       63.25       63.15       63.05       62.95       62.85    
        62.74       62.64       62.53       62.42       62.31       62.20       62.09       61.98       61.87       61.75    
        61.64       61.52       61.40       61.29       61.17       61.05       60.93       60.82       60.70       60.58    
        60.46       60.35       60.23       60.11       60.00       59.89       59.77       59.66       59.55       59.44    
        59.33       59.22       59.12       59.01       58.91       58.80       58.70       58.60       58.50       58.40    
  84    66.03       66.03       66.03       66.02       66.01       66.00       65.99       65.98       65.96       65.95    
        65.93       65.91       65.89       65.86       65.84       65.81       65.78       65.75       65.72       65.68    
        65.65       65.61       65.57       65.53       65.48       65.44       65.39       65.34       65.29       65.24    
        65.18       65.12       65.07       65.01       64.95       64.88       64.82       64.75       64.68       64.61    
        64.54       64.46       64.39       64.31       64.23       64.15       64.07       63.99       63.90       63.81    
        63.72       63.63       63.54       63.45       63.35       63.26       63.16       63.06       62.96       62.86    
        62.75       62.65       62.54       62.44       62.33       62.22       62.11       62.00       61.88       61.77    
        61.66       61.54       61.43       61.31       61.19       61.08       60.96       60.84       60.73       60.61    
        60.49       60.38       60.26       60.15       60.03       59.92       59.81       59.69       59.58       59.47    
        59.36       59.25       59.14       59.04       58.93       58.83       58.72       58.62       58.52       58.41    
  85    66.03       66.03       66.03       66.02       66.01       66.00       65.99       65.98       65.97       65.95    
        65.93       65.91       65.89       65.86       65.84       65.81       65.78       65.75       65.72       65.68    
        65.65       65.61       65.57       65.53       65.48       65.44       65.39       65.34       65.29       65.24    
        65.18       65.13       65.07       65.01       64.95       64.88       64.82       64.75       64.68       64.61    
        64.54       64.47       64.39       64.32       64.24       64.16       64.07       63.99       63.91       63.82    
        63.73       63.64       63.55       63.46       63.36       63.27       63.17       63.07       62.97       62.87    
        62.77       62.66       62.56       62.45       62.34       62.23       62.12       62.01       61.90       61.79    
        61.68       61.56       61.45       61.33       61.22       61.10       60.98       60.87       60.75       60.64    
        60.52       60.41       60.29       60.18       60.06       59.95       59.83       59.72       59.61       59.50    
        59.39       59.28       59.17       59.06       58.96       58.85       58.74       58.64       58.53       58.43    
  86    66.03       66.03       66.03       66.02       66.01       66.00       65.99       65.98       65.97       65.95    
        65.93       65.91       65.89       65.87       65.84       65.81       65.78       65.75       65.72       65.68    
        65.65       65.61       65.57       65.53       65.48       65.44       65.39       65.34       65.29       65.24    
        65.18       65.13       65.07       65.01       64.95       64.89       64.82       64.76       64.69       64.62    
        64.55       64.47       64.40       64.32       64.24       64.16       64.08       64.00       63.91       63.83    
        63.74       63.65       63.56       63.46       63.37       63.27       63.18       63.08       62.98       62.88    
        62.78       62.67       62.57       62.46       62.36       62.25       62.14       62.03       61.92       61.81    
        61.69       61.58       61.47       61.35       61.24       61.12       61.01       60.89       60.78       60.66    
        60.55       60.43       60.32       60.20       60.09       59.97       59.86       59.75       59.64       59.53    
        59.42       59.31       59.20       59.09       58.98       58.87       58.76       58.65       58.55       58.44    
  87    66.03       66.03       66.03       66.02       66.01       66.00       65.99       65.98       65.97       65.95    
        65.93       65.91       65.89       65.87       65.84       65.81       65.78       65.75       65.72       65.69    
        65.65       65.61       65.57       65.53       65.49       65.44       65.39       65.34       65.29       65.24    
        65.19       65.13       65.07       65.01       64.95       64.89       64.82       64.76       64.69       64.62    
        64.55       64.47       64.40       64.32       64.25       64.17       64.08       64.00       63.92       63.83    
        63.74       63.65       63.56       63.47       63.38       63.28       63.19       63.09       62.99       62.89    
        62.79       62.68       62.58       62.47       62.37       62.26       62.15       62.04       61.93       61.82    
        61.71       61.60       61.48       61.37       61.26       61.14       61.03       60.91       60.80       60.68    
        60.57       60.45       60.34       60.23       60.11       60.00       59.89       59.77       59.66       59.55    
        59.44       59.33       59.22       59.11       59.00       58.89       58.78       58.67       58.56       58.45    
  88    66.03       66.03       66.03       66.02       66.01       66.01       65.99       65.98       65.97       65.95    
        65.93       65.91       65.89       65.87       65.84       65.81       65.78       65.75       65.72       65.69    
        65.65       65.61       65.57       65.53       65.49       65.44       65.39       65.35       65.29       65.24    
        65.19       65.13       65.07       65.02       64.95       64.89       64.83       64.76       64.69       64.62    
        64.55       64.48       64.40       64.33       64.25       64.17       64.09       64.01       63.92       63.84    
        63.75       63.66       63.57       63.48       63.38       63.29       63.19       63.10       63.00       62.90    
        62.80       62.69       62.59       62.48       62.38       62.27       62.16       62.06       61.95       61.84    
        61.72       61.61       61.50       61.39       61.27       61.16       61.05       60.93       60.82       60.70    
        60.59       60.48       60.36       60.25       60.13       60.02       59.91       59.80       59.68       59.57    
        59.46       59.35       59.24       59.13       59.01       58.90       58.79       58.68       58.57       58.46    
  89    66.03       66.03       66.03       66.02       66.01       66.01       65.99       65.98       65.97       65.95    
        65.93       65.91       65.89       65.87       65.84       65.81       65.79       65.75       65.72       65.69    
        65.65       65.61       65.57       65.53       65.49       65.44       65.40       65.35       65.30       65.24    
        65.19       65.13       65.08       65.02       64.96       64.89       64.83       64.76       64.69       64.63    
        64.55       64.48       64.41       64.33       64.25       64.17       64.09       64.01       63.93       63.84    
        63.75       63.66       63.57       63.48       63.39       63.30       63.20       63.10       63.00       62.90    
        62.80       62.70       62.60       62.49       62.39       62.28       62.18       62.07       61.96       61.85    
        61.74       61.63       61.52       61.40       61.29       61.18       61.06       60.95       60.84       60.72    
        60.61       60.50       60.38       60.27       60.15       60.04       59.93       59.82       59.70       59.59    
        59.48       59.37       59.25       59.14       59.03       58.92       58.81       58.70       58.58       58.47    
  90    66.03       66.03       66.03       66.02       66.02       66.01       65.99       65.98       65.97       65.95    
        65.93       65.91       65.89       65.87       65.84       65.81       65.79       65.75       65.72       65.69    
        65.65       65.61       65.57       65.53       65.49       65.44       65.40       65.35       65.30       65.24    
        65.19       65.14       65.08       65.02       64.96       64.89       64.83       64.76       64.70       64.63    
        64.56       64.48       64.41       64.33       64.26       64.18       64.10       64.01       63.93       63.84    
        63.76       63.67       63.58       63.49       63.40       63.30       63.21       63.11       63.01       62.91    
        62.81       62.71       62.61       62.50       62.40       62.29       62.19       62.08       61.97       61.86    
        61.75       61.64       61.53       61.42       61.31       61.19       61.08       60.97       60.85       60.74    
        60.63       60.51       60.40       60.29       60.17       60.06       59.95       59.83       59.72       59.61    
        59.50       59.38       59.27       59.16       59.04       58.93       58.82       58.71       58.59       58.48    
  91    66.03       66.03       66.03       66.02       66.02       66.01       66.00       65.98       65.97       65.95    
        65.93       65.91       65.89       65.87       65.84       65.82       65.79       65.76       65.72       65.69    
        65.65       65.61       65.57       65.53       65.49       65.44       65.40       65.35       65.30       65.25    
        65.19       65.14       65.08       65.02       64.96       64.90       64.83       64.77       64.70       64.63    
        64.56       64.49       64.41       64.34       64.26       64.18       64.10       64.02       63.93       63.85    
        63.76       63.67       63.58       63.49       63.40       63.31       63.21       63.12       63.02       62.92    
        62.82       62.72       62.62       62.51       62.41       62.30       62.20       62.09       61.98       61.87    
        61.76       61.65       61.54       61.43       61.32       61.21       61.10       60.98       60.87       60.76    
        60.64       60.53       60.42       60.30       60.19       60.08       59.96       59.85       59.74       59.62    
        59.51       59.40       59.28       59.17       59.06       58.94       58.83       58.72       58.60       58.49    
  92    66.03       66.03       66.03       66.02       66.02       66.01       66.00       65.98       65.97       65.95    
        65.93       65.91       65.89       65.87       65.84       65.82       65.79       65.76       65.72       65.69    
        65.65       65.61       65.58       65.53       65.49       65.45       65.40       65.35       65.30       65.25    
        65.19       65.14       65.08       65.02       64.96       64.90       64.83       64.77       64.70       64.63    
        64.56       64.49       64.41       64.34       64.26       64.18       64.10       64.02       63.94       63.85    
        63.77       63.68       63.59       63.50       63.41       63.31       63.22       63.12       63.02       62.93    
        62.83       62.73       62.62       62.52       62.42       62.31       62.21       62.10       61.99       61.88    
        61.77       61.66       61.55       61.44       61.33       61.22       61.11       61.00       60.88       60.77    
        60.66       60.54       60.43       60.32       60.20       60.09       59.98       59.86       59.75       59.64    
        59.52       59.41       59.30       59.18       59.07       58.95       58.84       58.72       58.61       58.50    
  93    66.03       66.03       66.03       66.02       66.02       66.01       66.00       65.98       65.97       65.95    
        65.93       65.91       65.89       65.87       65.84       65.82       65.79       65.76       65.72       65.69    
        65.65       65.62       65.58       65.53       65.49       65.45       65.40       65.35       65.30       65.25    
        65.19       65.14       65.08       65.02       64.96       64.90       64.84       64.77       64.70       64.63    
        64.56       64.49       64.42       64.34       64.26       64.19       64.10       64.02       63.94       63.86    
        63.77       63.68       63.59       63.50       63.41       63.32       63.22       63.13       63.03       62.93    
        62.83       62.73       62.63       62.53       62.42       62.32       62.21       62.11       62.00       61.89    
        61.78       61.67       61.56       61.45       61.34       61.23       61.12       61.01       60.89       60.78    
        60.67       60.56       60.44       60.33       60.22       60.10       59.99       59.88       59.76       59.65    
        59.54       59.42       59.31       59.19       59.08       58.96       58.85       58.73       58.62       58.50    
  94    66.03       66.03       66.03       66.02       66.02       66.01       66.00       65.98       65.97       65.95    
        65.93       65.91       65.89       65.87       65.84       65.82       65.79       65.76       65.72       65.69    
        65.65       65.62       65.58       65.53       65.49       65.45       65.40       65.35       65.30       65.25    
        65.20       65.14       65.08       65.02       64.96       64.90       64.84       64.77       64.70       64.63    
        64.56       64.49       64.42       64.34       64.27       64.19       64.11       64.03       63.94       63.86    
        63.77       63.68       63.60       63.51       63.41       63.32       63.23       63.13       63.03       62.94    
        62.84       62.74       62.64       62.53       62.43       62.33       62.22       62.11       62.01       61.90    
        61.79       61.68       61.57       61.46       61.35       61.24       61.13       61.02       60.90       60.79    
        60.68       60.57       60.45       60.34       60.23       60.11       60.00       59.89       59.77       59.66    
        59.55       59.43       59.32       59.20       59.09       58.97       58.85       58.74       58.62       58.51    
  95    66.03       66.03       66.03       66.02       66.02       66.01       66.00       65.98       65.97       65.95    
        65.93       65.91       65.89       65.87       65.84       65.82       65.79       65.76       65.72       65.69    
        65.65       65.62       65.58       65.54       65.49       65.45       65.40       65.35       65.30       65.25    
        65.20       65.14       65.08       65.02       64.96       64.90       64.84       64.77       64.71       64.64    
        64.57       64.49       64.42       64.34       64.27       64.19       64.11       64.03       63.95       63.86    
        63.77       63.69       63.60       63.51       63.42       63.32       63.23       63.13       63.04       62.94    
        62.84       62.74       62.64       62.54       62.44       62.33       62.23       62.12       62.01       61.91    
        61.80       61.69       61.58       61.47       61.36       61.25       61.14       61.03       60.91       60.80    
        60.69       60.58       60.46       60.35       60.24       60.12       60.01       59.90       59.78       59.67    
        59.55       59.44       59.32       59.21       59.09       58.98       58.86       58.74       58.63       58.51    
  96    66.03       66.03       66.03       66.02       66.02       66.01       66.00       65.98       65.97       65.95    
        65.94       65.92       65.89       65.87       65.84       65.82       65.79       65.76       65.73       65.69    
        65.65       65.62       65.58       65.54       65.49       65.45       65.40       65.35       65.30       65.25    
        65.20       65.14       65.08       65.03       64.97       64.90       64.84       64.77       64.71       64.64    
        64.57       64.50       64.42       64.35       64.27       64.19       64.11       64.03       63.95       63.86    
        63.78       63.69       63.60       63.51       63.42       63.33       63.23       63.14       63.04       62.94    
        62.85       62.75       62.64       62.54       62.44       62.34       62.23       62.13       62.02       61.91    
        61.80       61.70       61.59       61.48       61.37       61.26       61.14       61.03       60.92       60.81    
        60.70       60.58       60.47       60.36       60.24       60.13       60.02       59.90       59.79       59.68    
        59.56       59.45       59.33       59.21       59.10       58.98       58.86       58.75       58.63       58.51    
  97    66.04       66.03       66.03       66.02       66.02       66.01       66.00       65.98       65.97       65.95    
        65.94       65.92       65.89       65.87       65.84       65.82       65.79       65.76       65.73       65.69    
        65.66       65.62       65.58       65.54       65.49       65.45       65.40       65.35       65.30       65.25    
        65.20       65.14       65.08       65.03       64.97       64.90       64.84       64.77       64.71       64.64    
        64.57       64.50       64.42       64.35       64.27       64.19       64.11       64.03       63.95       63.86    
        63.78       63.69       63.60       63.51       63.42       63.33       63.24       63.14       63.04       62.95    
        62.85       62.75       62.65       62.55       62.44       62.34       62.24       62.13       62.02       61.92    
        61.81       61.70       61.59       61.48       61.37       61.26       61.15       61.04       60.93       60.81    
        60.70       60.59       60.48       60.36       60.25       60.14       60.02       59.91       59.80       59.68    
        59.57       59.45       59.33       59.22       59.10       58.99       58.87       58.75       58.63       58.52    
  98    66.04       66.03       66.03       66.02       66.02       66.01       66.00       65.98       65.97       65.95    
        65.94       65.92       65.89       65.87       65.84       65.82       65.79       65.76       65.73       65.69    
        65.66       65.62       65.58       65.54       65.49       65.45       65.40       65.35       65.30       65.25    
        65.20       65.14       65.09       65.03       64.97       64.90       64.84       64.77       64.71       64.64    
        64.57       64.50       64.42       64.35       64.27       64.19       64.11       64.03       63.95       63.87    
        63.78       63.69       63.60       63.51       63.42       63.33       63.24       63.14       63.05       62.95    
        62.85       62.75       62.65       62.55       62.45       62.34       62.24       62.13       62.03       61.92    
        61.81       61.70       61.60       61.49       61.38       61.27       61.15       61.04       60.93       60.82    
        60.71       60.59       60.48       60.37       60.25       60.14       60.03       59.91       59.80       59.68    
        59.57       59.45       59.34       59.22       59.11       58.99       58.87       58.75       58.64       58.52    
  99    66.04       66.03       66.03       66.02       66.02       66.01       66.00       65.98       65.97       65.95    
        65.94       65.92       65.89       65.87       65.84       65.82       65.79       65.76       65.73       65.69    
        65.66       65.62       65.58       65.54       65.49       65.45       65.40       65.35       65.30       65.25    
        65.20       65.14       65.09       65.03       64.97       64.90       64.84       64.78       64.71       64.64    
        64.57       64.50       64.42       64.35       64.27       64.19       64.11       64.03       63.95       63.87    
        63.78       63.69       63.61       63.52       63.42       63.33       63.24       63.14       63.05       62.95    
        62.85       62.75       62.65       62.55       62.45       62.34       62.24       62.14       62.03       61.92    
        61.81       61.71       61.60       61.49       61.38       61.27       61.16       61.05       60.93       60.82    
        60.71       60.60       60.48       60.37       60.26       60.14       60.03       59.92       59.80       59.69    
        59.57       59.46       59.34       59.22       59.11       58.99       58.87       58.76       58.64       58.52    
 100    66.04       66.03       66.03       66.02       66.02       66.01       66.00       65.98       65.97       65.95    
        65.94       65.92       65.89       65.87       65.85       65.82       65.79       65.76       65.73       65.69    
        65.66       65.62       65.58       65.54       65.49       65.45       65.40       65.35       65.30       65.25    
        65.20       65.14       65.09       65.03       64.97       64.90       64.84       64.78       64.71       64.64    
        64.57       64.50       64.42       64.35       64.27       64.19       64.11       64.03       63.95       63.87    
        63.78       63.69       63.61       63.52       63.43       63.33       63.24       63.14       63.05       62.95    
        62.85       62.75       62.65       62.55       62.45       62.35       62.24       62.14       62.03       61.92    
        61.82       61.71       61.60       61.49       61.38       61.27       61.16       61.05       60.94       60.82    
        60.71       60.60       60.49       60.37       60.26       60.15       60.03       59.92       59.80       59.69    
        59.57       59.46       59.34       59.23       59.11       58.99       58.87       58.76       58.64       58.52    
1
  HEAD IN LAYER   3 AT END OF TIME STEP   1 IN STRESS PERIOD    1
  ---------------------------------------------------------------------------

 ........................................................................................................................................................................................................................................................................................................................................................................................................................................................................................................................................................................................................................................................................................................................................................................................................................................................................................................................................................................................................................................
   1    65.99       65.99       65.99       65.98       65.97       65.97       65.96       65.94       65.93       65.91    
        65.89       65.87       65.85       65.83       65.80       65.78       65.75       65.72       65.69       65.65    
        65.62       65.58       65.54       65.50       65.45       65.41       65.36       65.31       65.26       65.21    
        65.16       65.10       65.05       64.99       64.93       64.87       64.80       64.74       64.67       64.60    
        64.53       64.46       64.39       64.32       64.24       64.16       64.08       64.00       63.92       63.84    
        63.75       63.66       63.58       63.49       63.40       63.30       63.21       63.12       63.02       62.93    
        62.83       62.73       62.63       62.53       62.43       62.32       62.22       62.11       62.01       61.90    
        61.80       61.69       61.58       61.47       61.36       61.25       61.15       61.04       60.93       60.82    
        60.71       60.60       60.49       60.38       60.27       60.16       60.06       59.95       59.85       59.75    
        59.65       59.56       59.46       59.38       59.30       59.23       59.17       59.12       59.08       59.06    
   2    65.99       65.99       65.99       65.98       65.97       65.97       65.96       65.94       65.93       65.91    
        65.89       65.87       65.85       65.83       65.80       65.78       65.75       65.72       65.68       65.65    
        65.61       65.58       65.54       65.50       65.45       65.41       65.36       65.31       65.26       65.21    
        65.16       65.10       65.05       64.99       64.93       64.87       64.80       64.74       64.67       64.60    
        64.53       64.46       64.39       64.32       64.24       64.16       64.08       64.00       63.92       63.84    
        63.75       63.66       63.58       63.49       63.40       63.30       63.21       63.12       63.02       62.92    
        62.83       62.73       62.63       62.53       62.43       62.32       62.22       62.11       62.01       61.90    
        61.80       61.69       61.58       61.47       61.36       61.25       61.14       61.03       60.92       60.81    
        60.70       60.59       60.49       60.38       60.27       60.16       60.05       59.95       59.85       59.75    
        59.65       59.55       59.46       59.38       59.30       59.23       59.17       59.11       59.08       59.06    
   3    65.99       65.99       65.99       65.98       65.97       65.97       65.95       65.94       65.93       65.91    
        65.89       65.87       65.85       65.83       65.80       65.78       65.75       65.72       65.68       65.65    
        65.61       65.58       65.54       65.50       65.45       65.41       65.36       65.31       65.26       65.21    
        65.16       65.10       65.05       64.99       64.93       64.87       64.80       64.74       64.67       64.60    
        64.53       64.46       64.39       64.31       64.24       64.16       64.08       64.00       63.92       63.83    
        63.75       63.66       63.57       63.49       63.40       63.30       63.21       63.12       63.02       62.92    
        62.83       62.73       62.63       62.53       62.42       62.32       62.22       62.11       62.01       61.90    
        61.79       61.69       61.58       61.47       61.36       61.25       61.14       61.03       60.92       60.81    
        60.70       60.59       60.48       60.37       60.27       60.16       60.05       59.95       59.84       59.74    
        59.65       59.55       59.46       59.38       59.30       59.22       59.16       59.11       59.07       59.05    
   4    65.99       65.99       65.99       65.98       65.97       65.97       65.95       65.94       65.93       65.91    
        65.89       65.87       65.85       65.83       65.80       65.78       65.75       65.72       65.68       65.65    
        65.61       65.58       65.54       65.50       65.45       65.41       65.36       65.31       65.26       65.21    
        65.16       65.10       65.05       64.99       64.93       64.87       64.80       64.74       64.67       64.60    
        64.53       64.46       64.39       64.31       64.24       64.16       64.08       64.00       63.92       63.83    
        63.75       63.66       63.57       63.48       63.39       63.30       63.21       63.11       63.02       62.92    
        62.82       62.72       62.62       62.52       62.42       62.32       62.21       62.11       62.00       61.90    
        61.79       61.68       61.57       61.47       61.36       61.25       61.14       61.03       60.92       60.81    
        60.70       60.59       60.48       60.37       60.26       60.15       60.05       59.94       59.84       59.74    
        59.64       59.55       59.46       59.37       59.29       59.22       59.16       59.11       59.07       59.05    
   5    65.99       65.99       65.99       65.98       65.97       65.97       65.95       65.94       65.93       65.91    
        65.89       65.87       65.85       65.83       65.80       65.78       65.75       65.72       65.68       65.65    
        65.61       65.58       65.54       65.50       65.45       65.41       65.36       65.31       65.26       65.21    
        65.16       65.10       65.05       64.99       64.93       64.87       64.80       64.74       64.67       64.60    
        64.53       64.46       64.39       64.31       64.24       64.16       64.08       64.00       63.92       63.83    
        63.75       63.66       63.57       63.48       63.39       63.30       63.21       63.11       63.02       62.92    
        62.82       62.72       62.62       62.52       62.42       62.31       62.21       62.10       62.00       61.89    
        61.79       61.68       61.57       61.46       61.35       61.24       61.13       61.02       60.91       60.80    
        60.69       60.58       60.47       60.36       60.25       60.15       60.04       59.94       59.83       59.73    
        59.64       59.54       59.45       59.37       59.29       59.22       59.15       59.10       59.07       59.05    
   6    65.99       65.99       65.99       65.98       65.97       65.97       65.95       65.94       65.93       65.91    
        65.89       65.87       65.85       65.83       65.80       65.78       65.75       65.72       65.68       65.65    
        65.61       65.58       65.54       65.50       65.45       65.41       65.36       65.31       65.26       65.21    
        65.16       65.10       65.05       64.99       64.93       64.87       64.80       64.74       64.67       64.60    
        64.53       64.46       64.39       64.31       64.23       64.16       64.08       64.00       63.91       63.83    
        63.74       63.66       63.57       63.48       63.39       63.30       63.20       63.11       63.01       62.91    
        62.82       62.72       62.62       62.51       62.41       62.31       62.20       62.10       61.99       61.89    
        61.78       61.67       61.56       61.45       61.34       61.23       61.12       61.01       60.90       60.79    
        60.68       60.57       60.46       60.36       60.25       60.14       60.03       59.93       59.83       59.73    
        59.63       59.53       59.44       59.36       59.28       59.21       59.15       59.10       59.06       59.04    
   7    65.99       65.99       65.99       65.98       65.97       65.96       65.95       65.94       65.93       65.91    
        65.89       65.87       65.85       65.83       65.80       65.78       65.75       65.72       65.68       65.65    
        65.61       65.58       65.54       65.49       65.45       65.41       65.36       65.31       65.26       65.21    
        65.16       65.10       65.04       64.99       64.93       64.86       64.80       64.74       64.67       64.60    
        64.53       64.46       64.38       64.31       64.23       64.15       64.07       63.99       63.91       63.83    
        63.74       63.65       63.57       63.48       63.39       63.29       63.20       63.10       63.01       62.91    
        62.81       62.71       62.61       62.51       62.41       62.30       62.20       62.09       61.99       61.88    
        61.77       61.66       61.56       61.45       61.34       61.23       61.12       61.01       60.90       60.78    
        60.67       60.56       60.45       60.35       60.24       60.13       60.02       59.92       59.82       59.72    
        59.62       59.53       59.44       59.35       59.27       59.20       59.14       59.09       59.05       59.03    
   8    65.99       65.99       65.99       65.98       65.97       65.96       65.95       65.94       65.93       65.91    
        65.89       65.87       65.85       65.83       65.80       65.77       65.75       65.72       65.68       65.65    
        65.61       65.57       65.54       65.49       65.45       65.41       65.36       65.31       65.26       65.21    
        65.16       65.10       65.04       64.99       64.92       64.86       64.80       64.73       64.67       64.60    
        64.53       64.46       64.38       64.31       64.23       64.15       64.07       63.99       63.91       63.82    
        63.74       63.65       63.56       63.47       63.38       63.29       63.19       63.10       63.00       62.91    
        62.81       62.71       62.61       62.50       62.40       62.30       62.19       62.09       61.98       61.87    
        61.76       61.66       61.55       61.44       61.33       61.22       61.11       61.00       60.89       60.77    
        60.66       60.55       60.44       60.33       60.23       60.12       60.01       59.91       59.81       59.71    
        59.61       59.51       59.43       59.34       59.26       59.19       59.13       59.08       59.04       59.02    
   9    65.99       65.99       65.99       65.98       65.97       65.96       65.95       65.94       65.93       65.91    
        65.89       65.87       65.85       65.83       65.80       65.77       65.75       65.71       65.68       65.65    
        65.61       65.57       65.53       65.49       65.45       65.41       65.36       65.31       65.26       65.21    
        65.15       65.10       65.04       64.98       64.92       64.86       64.80       64.73       64.66       64.60    
        64.53       64.45       64.38       64.30       64.23       64.15       64.07       63.99       63.91       63.82    
        63.73       63.65       63.56       63.47       63.38       63.28       63.19       63.09       63.00       62.90    
        62.80       62.70       62.60       62.50       62.39       62.29       62.18       62.08       61.97       61.86    
        61.76       61.65       61.54       61.43       61.32       61.21       61.10       60.98       60.87       60.76    
        60.65       60.54       60.43       60.32       60.21       60.11       60.00       59.90       59.79       59.69    
        59.60       59.50       59.41       59.33       59.25       59.18       59.12       59.07       59.03       59.01    
  10    65.99       65.99       65.99       65.98       65.97       65.96       65.95       65.94       65.93       65.91    
        65.89       65.87       65.85       65.83       65.80       65.77       65.74       65.71       65.68       65.65    
        65.61       65.57       65.53       65.49       65.45       65.40       65.36       65.31       65.26       65.21    
        65.15       65.10       65.04       64.98       64.92       64.86       64.80       64.73       64.66       64.59    
        64.52       64.45       64.38       64.30       64.23       64.15       64.07       63.98       63.90       63.82    
        63.73       63.64       63.55       63.46       63.37       63.28       63.18       63.09       62.99       62.89    
        62.79       62.69       62.59       62.49       62.39       62.28       62.18       62.07       61.96       61.85    
        61.75       61.64       61.53       61.42       61.30       61.19       61.08       60.97       60.86       60.75    
        60.64       60.53       60.42       60.31       60.20       60.09       59.99       59.88       59.78       59.68    
        59.58       59.49       59.40       59.32       59.24       59.17       59.11       59.06       59.02       59.00    
  11    65.99       65.99       65.99       65.98       65.97       65.96       65.95       65.94       65.93       65.91    
        65.89       65.87       65.85       65.83       65.80       65.77       65.74       65.71       65.68       65.65    
        65.61       65.57       65.53       65.49       65.45       65.40       65.36       65.31       65.26       65.21    
        65.15       65.10       65.04       64.98       64.92       64.86       64.79       64.73       64.66       64.59    
        64.52       64.45       64.37       64.30       64.22       64.14       64.06       63.98       63.90       63.81    
        63.73       63.64       63.55       63.46       63.37       63.27       63.18       63.08       62.99       62.89    
        62.79       62.69       62.58       62.48       62.38       62.27       62.17       62.06       61.95       61.84    
        61.73       61.62       61.51       61.40       61.29       61.18       61.07       60.96       60.85       60.73    
        60.62       60.51       60.40       60.29       60.18       60.08       59.97       59.87       59.76       59.66    
        59.57       59.47       59.38       59.30       59.22       59.15       59.09       59.04       59.01       58.99    
  12    65.99       65.99       65.98       65.98       65.97       65.96       65.95       65.94       65.92       65.91    
        65.89       65.87       65.85       65.82       65.80       65.77       65.74       65.71       65.68       65.65    
        65.61       65.57       65.53       65.49       65.45       65.40       65.36       65.31       65.26       65.20    
        65.15       65.10       65.04       64.98       64.92       64.86       64.79       64.73       64.66       64.59    
        64.52       64.45       64.37       64.30       64.22       64.14       64.06       63.98       63.89       63.81    
        63.72       63.63       63.54       63.45       63.36       63.27       63.17       63.08       62.98       62.88    
        62.78       62.68       62.58       62.47       62.37       62.26       62.15       62.05       61.94       61.83    
        61.72       61.61       61.50       61.39       61.28       61.17       61.05       60.94       60.83       60.72    
        60.61       60.49       60.38       60.27       60.16       60.06       59.95       59.85       59.74       59.65    
        59.55       59.46       59.37       59.28       59.21       59.14       59.08       59.03       58.99       58.97    
  13    65.99       65.99       65.98       65.98       65.97       65.96       65.95       65.94       65.92       65.91    
        65.89       65.87       65.85       65.82       65.80       65.77       65.74       65.71       65.68       65.64    
        65.61       65.57       65.53       65.49       65.45       65.40       65.35       65.31       65.26       65.20    
        65.15       65.09       65.04       64.98       64.92       64.85       64.79       64.72       64.66       64.59    
        64.52       64.44       64.37       64.29       64.22       64.14       64.06       63.97       63.89       63.80    
        63.72       63.63       63.54       63.45       63.35       63.26       63.17       63.07       62.97       62.87    
        62.77       62.67       62.57       62.46       62.36       62.25       62.14       62.04       61.93       61.82    
        61.71       61.60       61.48       61.37       61.26       61.15       61.04       60.92       60.81       60.70    
        60.59       60.47       60.36       60.25       60.14       60.04       59.93       59.83       59.72       59.62    
        59.53       59.44       59.35       59.26       59.19       59.12       59.06       59.01       58.97       58.96    
  14    65.99       65.99       65.98       65.98       65.97       65.96       65.95       65.94       65.92       65.91    
        65.89       65.87       65.85       65.82       65.80       65.77       65.74       65.71       65.68       65.64    
        65.61       65.57       65.53       65.49       65.44       65.40       65.35       65.30       65.25       65.20    
        65.15       65.09       65.03       64.97       64.91       64.85       64.79       64.72       64.65       64.58    
        64.51       64.44       64.37       64.29       64.21       64.13       64.05       63.97       63.88       63.80    
        63.71       63.62       63.53       63.44       63.35       63.25       63.16       63.06       62.96       62.86    
        62.76       62.66       62.56       62.45       62.34       62.24       62.13       62.02       61.91       61.80    
        61.69       61.58       61.47       61.36       61.24       61.13       61.02       60.90       60.79       60.68    
        60.56       60.45       60.34       60.23       60.12       60.01       59.91       59.80       59.70       59.60    
        59.51       59.41       59.33       59.24       59.17       59.10       59.04       58.99       58.96       58.94    
  15    65.99       65.99       65.98       65.98       65.97       65.96       65.95       65.94       65.92       65.91    
        65.89       65.87       65.85       65.82       65.80       65.77       65.74       65.71       65.68       65.64    
        65.61       65.57       65.53       65.49       65.44       65.40       65.35       65.30       65.25       65.20    
        65.15       65.09       65.03       64.97       64.91       64.85       64.78       64.72       64.65       64.58    
        64.51       64.44       64.36       64.29       64.21       64.13       64.05       63.96       63.88       63.79    
        63.71       63.62       63.53       63.43       63.34       63.25       63.15       63.05       62.95       62.85    
        62.75       62.65       62.54       62.44       62.33       62.23       62.12       62.01       61.90       61.79    
        61.68       61.56       61.45       61.34       61.22       61.11       61.00       60.88       60.77       60.65    
        60.54       60.43       60.32       60.21       60.10       59.99       59.88       59.78       59.68       59.58    
        59.48       59.39       59.30       59.22       59.14       59.08       59.02       58.97       58.93       58.91    
  16    65.99       65.99       65.98       65.98       65.97       65.96       65.95       65.94       65.92       65.91    
        65.89       65.87       65.85       65.82       65.80       65.77       65.74       65.71       65.68       65.64    
        65.61       65.57       65.53       65.49       65.44       65.40       65.35       65.30       65.25       65.20    
        65.14       65.09       65.03       64.97       64.91       64.85       64.78       64.72       64.65       64.58    
        64.51       64.43       64.36       64.28       64.20       64.12       64.04       63.96       63.87       63.79    
        63.70       63.61       63.52       63.43       63.33       63.24       63.14       63.04       62.94       62.84    
        62.74       62.64       62.53       62.43       62.32       62.21       62.10       61.99       61.88       61.77    
        61.66       61.54       61.43       61.32       61.20       61.09       60.97       60.86       60.74       60.63    
        60.52       60.40       60.29       60.18       60.07       59.96       59.85       59.75       59.65       59.55    
        59.45       59.36       59.27       59.19       59.12       59.05       58.99       58.94       58.91       58.89    
  17    65.99       65.99       65.98       65.98       65.97       65.96       65.95       65.94       65.92       65.91    
        65.89       65.87       65.84       65.82       65.80       65.77       65.74       65.71       65.68       65.64    
        65.60       65.57       65.53       65.48       65.44       65.40       65.35       65.30       65.25       65.20    
        65.14       65.09       65.03       64.97       64.91       64.84       64.78       64.71       64.64       64.57    
        64.50       64.43       64.35       64.28       64.20       64.12       64.04       63.95       63.87       63.78    
        63.69       63.60       63.51       63.42       63.32       63.23       63.13       63.03       62.93       62.83    
        62.73       62.62       62.52       62.41       62.31       62.20       62.09       61.98       61.86       61.75    
        61.64       61.53       61.41       61.30       61.18       61.07       60.95       60.83       60.72       60.60    
        60.49       60.38       60.26       60.15       60.04       59.93       59.82       59.72       59.62       59.52    
        59.42       59.33       59.24       59.16       59.09       59.02       58.96       58.92       58.88       58.86    
  18    65.99       65.98       65.98       65.98       65.97       65.96       65.95       65.94       65.92       65.90    
        65.89       65.87       65.84       65.82       65.79       65.77       65.74       65.71       65.67       65.64    
        65.60       65.56       65.52       65.48       65.44       65.39       65.35       65.30       65.25       65.19    
        65.14       65.08       65.03       64.97       64.90       64.84       64.78       64.71       64.64       64.57    
        64.50       64.42       64.35       64.27       64.19       64.11       64.03       63.95       63.86       63.77    
        63.69       63.60       63.50       63.41       63.32       63.22       63.12       63.02       62.92       62.82    
        62.72       62.61       62.51       62.40       62.29       62.18       62.07       61.96       61.85       61.73    
        61.62       61.50       61.39       61.27       61.16       61.04       60.92       60.81       60.69       60.57    
        60.46       60.34       60.23       60.12       60.01       59.90       59.79       59.69       59.58       59.48    
        59.39       59.30       59.21       59.13       59.06       58.99       58.93       58.89       58.85       58.83    
  19    65.99       65.98       65.98       65.97       65.97       65.96       65.95       65.93       65.92       65.90    
        65.89       65.87       65.84       65.82       65.79       65.77       65.74       65.71       65.67       65.64    
        65.60       65.56       65.52       65.48       65.44       65.39       65.34       65.30       65.24       65.19    
        65.14       65.08       65.02       64.96       64.90       64.84       64.77       64.71       64.64       64.57    
        64.49       64.42       64.34       64.27       64.19       64.11       64.03       63.94       63.86       63.77    
        63.68       63.59       63.50       63.40       63.31       63.21       63.11       63.01       62.91       62.81    
        62.70       62.60       62.49       62.38       62.28       62.17       62.05       61.94       61.83       61.71    
        61.60       61.48       61.37       61.25       61.13       61.01       60.90       60.78       60.66       60.54    
        60.43       60.31       60.20       60.08       59.97       59.86       59.75       59.65       59.55       59.45    
        59.35       59.26       59.17       59.09       59.02       58.96       58.90       58.85       58.82       58.80    
  20    65.99       65.98       65.98       65.97       65.97       65.96       65.95       65.93       65.92       65.90    
        65.88       65.86       65.84       65.82       65.79       65.77       65.74       65.70       65.67       65.64    
        65.60       65.56       65.52       65.48       65.44       65.39       65.34       65.29       65.24       65.19    
        65.14       65.08       65.02       64.96       64.90       64.83       64.77       64.70       64.63       64.56    
        64.49       64.42       64.34       64.26       64.18       64.10       64.02       63.94       63.85       63.76    
        63.67       63.58       63.49       63.39       63.30       63.20       63.10       63.00       62.90       62.80    
        62.69       62.59       62.48       62.37       62.26       62.15       62.04       61.92       61.81       61.69    
        61.58       61.46       61.34       61.22       61.10       60.99       60.87       60.75       60.63       60.51    
        60.39       60.27       60.16       60.04       59.93       59.82       59.71       59.61       59.50       59.41    
        59.31       59.22       59.13       59.05       58.98       58.92       58.86       58.82       58.78       58.77    
  21    65.98       65.98       65.98       65.97       65.97       65.96       65.95       65.93       65.92       65.90    
        65.88       65.86       65.84       65.82       65.79       65.76       65.73       65.70       65.67       65.64    
        65.60       65.56       65.52       65.48       65.43       65.39       65.34       65.29       65.24       65.19    
        65.13       65.08       65.02       64.96       64.90       64.83       64.77       64.70       64.63       64.56    
        64.49       64.41       64.34       64.26       64.18       64.10       64.01       63.93       63.84       63.75    
        63.66       63.57       63.48       63.39       63.29       63.19       63.09       62.99       62.89       62.78    
        62.68       62.57       62.46       62.35       62.24       62.13       62.02       61.90       61.79       61.67    
        61.55       61.43       61.31       61.20       61.08       60.95       60.83       60.71       60.59       60.47    
        60.35       60.24       60.12       60.00       59.89       59.78       59.67       59.56       59.46       59.36    
        59.26       59.17       59.09       59.01       58.94       58.87       58.82       58.78       58.74       58.73    
  22    65.98       65.98       65.98       65.97       65.97       65.96       65.95       65.93       65.92       65.90    
        65.88       65.86       65.84       65.82       65.79       65.76       65.73       65.70       65.67       65.63    
        65.60       65.56       65.52       65.48       65.43       65.39       65.34       65.29       65.24       65.19    
        65.13       65.07       65.02       64.95       64.89       64.83       64.76       64.70       64.63       64.56    
        64.48       64.41       64.33       64.25       64.17       64.09       64.01       63.92       63.84       63.75    
        63.66       63.57       63.47       63.38       63.28       63.18       63.08       62.98       62.88       62.77    
        62.66       62.56       62.45       62.34       62.22       62.11       62.00       61.88       61.76       61.65    
        61.53       61.41       61.29       61.17       61.04       60.92       60.80       60.68       60.56       60.43    
        60.31       60.19       60.07       59.96       59.84       59.73       59.62       59.51       59.41       59.31    
        59.21       59.12       59.04       58.96       58.89       58.83       58.77       58.73       58.70       58.68    
  23    65.98       65.98       65.98       65.97       65.96       65.96       65.94       65.93       65.92       65.90    
        65.88       65.86       65.84       65.82       65.79       65.76       65.73       65.70       65.67       65.63    
        65.60       65.56       65.52       65.48       65.43       65.39       65.34       65.29       65.24       65.18    
        65.13       65.07       65.01       64.95       64.89       64.83       64.76       64.69       64.62       64.55    
        64.48       64.40       64.33       64.25       64.17       64.09       64.00       63.92       63.83       63.74    
        63.65       63.56       63.46       63.37       63.27       63.17       63.07       62.97       62.86       62.76    
        62.65       62.54       62.43       62.32       62.21       62.09       61.98       61.86       61.74       61.62    
        61.50       61.38       61.26       61.14       61.01       60.89       60.76       60.64       60.52       60.39    
        60.27       60.15       60.03       59.91       59.79       59.68       59.57       59.46       59.35       59.25    
        59.16       59.07       58.99       58.91       58.84       58.78       58.72       58.68       58.65       58.63    
  24    65.98       65.98       65.98       65.97       65.96       65.95       65.94       65.93       65.92       65.90    
        65.88       65.86       65.84       65.81       65.79       65.76       65.73       65.70       65.67       65.63    
        65.60       65.56       65.52       65.47       65.43       65.38       65.34       65.29       65.23       65.18    
        65.13       65.07       65.01       64.95       64.89       64.82       64.76       64.69       64.62       64.55    
        64.47       64.40       64.32       64.24       64.16       64.08       64.00       63.91       63.82       63.73    
        63.64       63.55       63.45       63.36       63.26       63.16       63.06       62.95       62.85       62.74    
        62.64       62.53       62.41       62.30       62.19       62.07       61.96       61.84       61.72       61.60    
        61.48       61.35       61.23       61.10       60.98       60.85       60.73       60.60       60.47       60.35    
        60.22       60.10       59.98       59.85       59.74       59.62       59.51       59.40       59.29       59.19    
        59.10       59.01       58.92       58.85       58.78       58.72       58.67       58.62       58.59       58.58    
  25    65.98       65.98       65.98       65.97       65.96       65.95       65.94       65.93       65.91       65.90    
        65.88       65.86       65.84       65.81       65.79       65.76       65.73       65.70       65.67       65.63    
        65.59       65.55       65.51       65.47       65.43       65.38       65.33       65.28       65.23       65.18    
        65.12       65.07       65.01       64.95       64.88       64.82       64.75       64.68       64.61       64.54    
        64.47       64.39       64.32       64.24       64.16       64.07       63.99       63.90       63.81       63.72    
        63.63       63.54       63.44       63.35       63.25       63.15       63.05       62.94       62.84       62.73    
        62.62       62.51       62.40       62.28       62.17       62.05       61.93       61.81       61.69       61.57    
        61.45       61.32       61.20       61.07       60.94       60.81       60.69       60.56       60.43       60.30    
        60.17       60.05       59.92       59.80       59.68       59.56       59.44       59.33       59.23       59.12    
        59.03       58.94       58.86       58.78       58.71       58.65       58.60       58.56       58.53       58.52    
  26    65.98       65.98       65.98       65.97       65.96       65.95       65.94       65.93       65.91       65.90    
        65.88       65.86       65.84       65.81       65.79       65.76       65.73       65.70       65.66       65.63    
        65.59       65.55       65.51       65.47       65.43       65.38       65.33       65.28       65.23       65.18    
        65.12       65.06       65.00       64.94       64.88       64.82       64.75       64.68       64.61       64.54    
        64.46       64.39       64.31       64.23       64.15       64.07       63.98       63.90       63.81       63.72    
        63.62       63.53       63.44       63.34       63.24       63.14       63.03       62.93       62.82       62.72    
        62.61       62.49       62.38       62.27       62.15       62.03       61.91       61.79       61.67       61.54    
        61.42       61.29       61.16       61.04       60.91       60.77       60.64       60.51       60.38       60.25    
        60.12       59.99       59.86       59.73       59.61       59.49       59.37       59.26       59.15       59.05    
        58.95       58.86       58.78       58.71       58.64       58.58       58.53       58.49       58.47       58.45    
  27    65.98       65.98       65.97       65.97       65.96       65.95       65.94       65.93       65.91       65.90    
        65.88       65.86       65.84       65.81       65.79       65.76       65.73       65.70       65.66       65.63    
        65.59       65.55       65.51       65.47       65.42       65.38       65.33       65.28       65.23       65.17    
        65.12       65.06       65.00       64.94       64.88       64.81       64.75       64.68       64.61       64.53    
        64.46       64.38       64.31       64.23       64.14       64.06       63.98       63.89       63.80       63.71    
        63.62       63.52       63.43       63.33       63.23       63.13       63.02       62.92       62.81       62.70    
        62.59       62.48       62.36       62.25       62.13       62.01       61.89       61.77       61.64       61.52    
        61.39       61.26       61.13       61.00       60.87       60.73       60.60       60.46       60.33       60.20    
        60.06       59.93       59.79       59.66       59.54       59.41       59.29       59.18       59.07       58.96    
        58.87       58.78       58.70       58.62       58.56       58.50       58.46       58.42       58.39       58.38    
  28    65.98       65.98       65.97       65.97       65.96       65.95       65.94       65.93       65.91       65.90    
        65.88       65.86       65.83       65.81       65.78       65.76       65.73       65.70       65.66       65.63    
        65.59       65.55       65.51       65.47       65.42       65.38       65.33       65.28       65.23       65.17    
        65.12       65.06       65.00       64.94       64.87       64.81       64.74       64.67       64.60       64.53    
        64.46       64.38       64.30       64.22       64.14       64.06       63.97       63.88       63.79       63.70    
        63.61       63.51       63.42       63.32       63.22       63.11       63.01       62.90       62.80       62.69    
        62.57       62.46       62.35       62.23       62.11       61.99       61.87       61.74       61.62       61.49    
        61.36       61.23       61.09       60.96       60.83       60.69       60.55       60.41       60.28       60.14    
        60.00       59.86       59.72       59.59       59.46       59.33       59.21       59.09       58.97       58.87    
        58.77       58.68       58.60       58.53       58.47       58.42       58.37       58.34       58.31       58.30    
  29    65.98       65.98       65.97       65.97       65.96       65.95       65.94       65.93       65.91       65.89    
        65.88       65.86       65.83       65.81       65.78       65.76       65.73       65.69       65.66       65.63    
        65.59       65.55       65.51       65.47       65.42       65.37       65.33       65.28       65.22       65.17    
        65.11       65.06       65.00       64.93       64.87       64.81       64.74       64.67       64.60       64.53    
        64.45       64.37       64.30       64.22       64.13       64.05       63.96       63.88       63.79       63.69    
        63.60       63.50       63.41       63.31       63.21       63.10       63.00       62.89       62.78       62.67    
        62.56       62.44       62.33       62.21       62.09       61.97       61.84       61.72       61.59       61.46    
        61.33       61.19       61.06       60.92       60.78       60.65       60.50       60.36       60.22       60.08    
        59.93       59.79       59.65       59.51       59.37       59.24       59.11       58.99       58.87       58.76    
        58.66       58.58       58.50       58.43       58.37       58.32       58.28       58.25       58.22       58.21    
  30    65.98       65.98       65.97       65.97       65.96       65.95       65.94       65.93       65.91       65.89    
        65.88       65.85       65.83       65.81       65.78       65.75       65.72       65.69       65.66       65.62    
        65.59       65.55       65.51       65.46       65.42       65.37       65.32       65.27       65.22       65.17    
        65.11       65.05       64.99       64.93       64.87       64.80       64.74       64.67       64.59       64.52    
        64.45       64.37       64.29       64.21       64.13       64.04       63.96       63.87       63.78       63.69    
        63.59       63.50       63.40       63.30       63.20       63.09       62.99       62.88       62.77       62.66    
        62.54       62.43       62.31       62.19       62.07       61.94       61.82       61.69       61.56       61.43    
        61.30       61.16       61.02       60.88       60.74       60.60       60.45       60.31       60.16       60.01    
        59.86       59.72       59.57       59.42       59.28       59.14       59.00       58.87       58.75       58.64    
        58.54       58.46       58.38       58.31       58.26       58.21       58.17       58.15       58.13       58.12    
  31    65.98       65.98       65.97       65.97       65.96       65.95       65.94       65.92       65.91       65.89    
        65.87       65.85       65.83       65.81       65.78       65.75       65.72       65.69       65.66       65.62    
        65.59       65.55       65.50       65.46       65.42       65.37       65.32       65.27       65.22       65.16    
        65.11       65.05       64.99       64.93       64.86       64.80       64.73       64.66       64.59       64.52    
        64.44       64.37       64.29       64.21       64.12       64.04       63.95       63.86       63.77       63.68    
        63.58       63.49       63.39       63.29       63.19       63.08       62.97       62.87       62.75       62.64    
        62.53       62.41       62.29       62.17       62.05       61.92       61.79       61.66       61.53       61.40    
        61.26       61.12       60.98       60.84       60.70       60.55       60.40       60.25       60.10       59.95    
        59.79       59.63       59.48       59.32       59.17       59.02       58.88       58.75       58.62       58.51    
        58.41       58.32       58.24       58.18       58.13       58.09       58.06       58.04       58.02       58.01    
  32    65.98       65.97       65.97       65.96       65.96       65.95       65.94       65.92       65.91       65.89    
        65.87       65.85       65.83       65.81       65.78       65.75       65.72       65.69       65.66       65.62    
        65.58       65.54       65.50       65.46       65.42       65.37       65.32       65.27       65.22       65.16    
        65.11       65.05       64.99       64.93       64.86       64.80       64.73       64.66       64.59       64.51    
        64.44       64.36       64.28       64.20       64.12       64.03       63.94       63.86       63.76       63.67    
        63.58       63.48       63.38       63.28       63.17       63.07       62.96       62.85       62.74       62.63    
        62.51       62.39       62.27       62.15       62.03       61.90       61.77       61.64       61.51       61.37    
        61.23       61.09       60.95       60.80       60.65       60.50       60.35       60.19       60.03       59.87    
        59.71       59.55       59.39       59.22       59.06       58.90       58.75       58.60       58.47       58.35    
        58.25       58.16       58.09       58.03       57.99       57.96       57.94       57.92       57.91       57.90    
  33    65.98       65.97       65.97       65.96       65.96       65.95       65.94       65.92       65.91       65.89    
        65.87       65.85       65.83       65.81       65.78       65.75       65.72       65.69       65.66       65.62    
        65.58       65.54       65.50       65.46       65.41       65.37       65.32       65.27       65.21       65.16    
        65.10       65.05       64.99       64.92       64.86       64.79       64.73       64.66       64.58       64.51    
        64.43       64.36       64.28       64.20       64.11       64.03       63.94       63.85       63.76       63.66    
        63.57       63.47       63.37       63.27       63.16       63.06       62.95       62.84       62.73       62.61    
        62.50       62.38       62.26       62.13       62.01       61.88       61.75       61.61       61.48       61.34    
        61.20       61.05       60.91       60.76       60.61       60.45       60.29       60.13       59.97       59.80    
        59.63       59.46       59.29       59.11       58.94       58.76       58.60       58.44       58.30       58.17    
        58.06       57.98       57.91       57.87       57.84       57.81       57.80       57.79       57.78       57.78    
  34    65.97       65.97       65.97       65.96       65.96       65.95       65.94       65.92       65.91       65.89    
        65.87       65.85       65.83       65.80       65.78       65.75       65.72       65.69       65.65       65.62    
        65.58       65.54       65.50       65.46       65.41       65.37       65.32       65.27       65.21       65.16    
        65.10       65.04       64.98       64.92       64.86       64.79       64.72       64.65       64.58       64.51    
        64.43       64.35       64.27       64.19       64.11       64.02       63.93       63.84       63.75       63.66    
        63.56       63.46       63.36       63.26       63.15       63.05       62.94       62.83       62.71       62.60    
        62.48       62.36       62.24       62.11       61.99       61.86       61.72       61.59       61.45       61.31    
        61.17       61.02       60.87       60.72       60.56       60.40       60.24       60.07       59.90       59.73    
        59.55       59.37       59.18       58.99       58.80       58.61       58.43       58.25       58.09       57.96    
        57.85       57.76       57.71       57.68       57.66       57.65       57.65       57.65       57.65       57.65    
  35    65.97       65.97       65.97       65.96       65.96       65.95       65.93       65.92       65.91       65.89    
        65.87       65.85       65.83       65.80       65.78       65.75       65.72       65.69       65.65       65.62    
        65.58       65.54       65.50       65.46       65.41       65.36       65.31       65.26       65.21       65.16    
        65.10       65.04       64.98       64.92       64.85       64.79       64.72       64.65       64.58       64.50    
        64.43       64.35       64.27       64.19       64.10       64.01       63.93       63.84       63.74       63.65    
        63.55       63.45       63.35       63.25       63.14       63.04       62.93       62.82       62.70       62.58    
        62.47       62.34       62.22       62.09       61.97       61.83       61.70       61.56       61.42       61.28    
        61.13       60.98       60.83       60.68       60.52       60.35       60.18       60.01       59.83       59.65    
        59.46       59.27       59.07       58.86       58.66       58.45       58.24       58.04       57.86       57.70    
        57.59       57.51       57.47       57.46       57.46       57.48       57.49       57.51       57.51       57.52    
  36    65.97       65.97       65.97       65.96       65.95       65.95       65.93       65.92       65.91       65.89    
        65.87       65.85       65.83       65.80       65.78       65.75       65.72       65.69       65.65       65.62    
        65.58       65.54       65.50       65.45       65.41       65.36       65.31       65.26       65.21       65.15    
        65.10       65.04       64.98       64.92       64.85       64.78       64.72       64.65       64.57       64.50    
        64.42       64.34       64.26       64.18       64.10       64.01       63.92       63.83       63.74       63.64    
        63.55       63.45       63.34       63.24       63.14       63.03       62.92       62.80       62.69       62.57    
        62.45       62.33       62.20       62.08       61.95       61.81       61.68       61.54       61.40       61.25    
        61.10       60.95       60.79       60.64       60.47       60.30       60.13       59.95       59.76       59.57    
        59.37       59.17       58.96       58.73       58.50       58.27       58.03       57.80       57.58       57.40    
        57.27       57.20       57.19       57.21       57.25       57.29       57.32       57.35       57.37       57.38    
  37    65.97       65.97       65.97       65.96       65.95       65.94       65.93       65.92       65.91       65.89    
        65.87       65.85       65.83       65.80       65.78       65.75       65.72       65.69       65.65       65.62    
        65.58       65.54       65.50       65.45       65.41       65.36       65.31       65.26       65.21       65.15    
        65.10       65.04       64.98       64.91       64.85       64.78       64.71       64.64       64.57       64.49    
        64.42       64.34       64.26       64.18       64.09       64.00       63.92       63.82       63.73       63.64    
        63.54       63.44       63.34       63.23       63.13       63.02       62.91       62.79       62.68       62.56    
        62.44       62.31       62.19       62.06       61.93       61.79       61.66       61.51       61.37       61.22    
        61.07       60.92       60.76       60.60       60.43       60.25       60.07       59.89       59.70       59.50    
        59.29       59.07       58.84       58.60       58.34       58.08       57.80       57.52       57.25       57.02    
        56.87       56.82       56.86       56.93       57.01       57.08       57.15       57.20       57.23       57.25    
  38    65.97       65.97       65.97       65.96       65.95       65.94       65.93       65.92       65.90       65.89    
        65.87       65.85       65.83       65.80       65.77       65.75       65.72       65.68       65.65       65.61    
        65.58       65.54       65.50       65.45       65.41       65.36       65.31       65.26       65.21       65.15    
        65.09       65.03       64.97       64.91       64.85       64.78       64.71       64.64       64.57       64.49    
        64.41       64.34       64.25       64.17       64.09       64.00       63.91       63.82       63.73       63.63    
        63.53       63.43       63.33       63.22       63.12       63.01       62.90       62.78       62.67       62.55    
        62.42       62.30       62.17       62.04       61.91       61.77       61.63       61.49       61.35       61.20    
        61.04       60.89       60.72       60.56       60.38       60.21       60.02       59.83       59.63       59.42    
        59.20       58.97       58.73       58.47       58.19       57.88       57.56       57.21       56.86       56.54    
        56.34       56.34       56.46       56.61       56.75       56.88       56.97       57.04       57.09       57.11    
  39    65.97       65.97       65.97       65.96       65.95       65.94       65.93       65.92       65.90       65.89    
        65.87       65.85       65.82       65.80       65.77       65.75       65.72       65.68       65.65       65.61    
        65.58       65.54       65.49       65.45       65.41       65.36       65.31       65.26       65.20       65.15    
        65.09       65.03       64.97       64.91       64.84       64.78       64.71       64.64       64.56       64.49    
        64.41       64.33       64.25       64.17       64.08       64.00       63.91       63.81       63.72       63.62    
        63.53       63.42       63.32       63.22       63.11       63.00       62.89       62.77       62.65       62.53    
        62.41       62.29       62.16       62.03       61.89       61.75       61.61       61.47       61.32       61.17    
        61.01       60.85       60.69       60.52       60.34       60.16       59.97       59.77       59.57       59.35    
        59.12       58.88       58.62       58.34       58.03       57.69       57.31       56.88       56.40       55.92    
        55.57       55.72       56.00       56.28       56.50       56.68       56.80       56.90       56.95       56.98    
  40    65.97       65.97       65.97       65.96       65.95       65.94       65.93       65.92       65.90       65.89    
        65.87       65.85       65.82       65.80       65.77       65.74       65.71       65.68       65.65       65.61    
        65.57       65.53       65.49       65.45       65.40       65.36       65.31       65.26       65.20       65.15    
        65.09       65.03       64.97       64.91       64.84       64.77       64.71       64.63       64.56       64.49    
        64.41       64.33       64.25       64.16       64.08       63.99       63.90       63.81       63.71       63.62    
        63.52       63.42       63.31       63.21       63.10       62.99       62.88       62.76       62.64       62.52    
        62.40       62.27       62.14       62.01       61.88       61.74       61.59       61.45       61.30       61.15    
        60.99       60.82       60.66       60.48       60.30       60.12       59.92       59.72       59.51       59.29    
        59.05       58.80       58.52       58.23       57.90       57.52       57.09       56.57       55.92       55.10    
        54.27       54.90       55.51       55.96       56.27       56.50       56.65       56.76       56.83       56.87    
  41    65.97       65.97       65.96       65.96       65.95       65.94       65.93       65.92       65.90       65.89    
        65.87       65.85       65.82       65.80       65.77       65.74       65.71       65.68       65.65       65.61    
        65.57       65.53       65.49       65.45       65.40       65.36       65.31       65.25       65.20       65.15    
        65.09       65.03       64.97       64.90       64.84       64.77       64.70       64.63       64.56       64.48    
        64.41       64.33       64.24       64.16       64.07       63.99       63.90       63.80       63.71       63.61    
        63.51       63.41       63.31       63.20       63.09       62.98       62.87       62.75       62.63       62.51    
        62.39       62.26       62.13       62.00       61.86       61.72       61.58       61.43       61.28       61.12    
        60.96       60.80       60.63       60.45       60.27       60.08       59.88       59.67       59.45       59.22    
        58.98       58.72       58.44       58.13       57.78       57.39       56.93       56.36       55.56       54.25    
        51.26       54.04       55.15       55.74       56.11       56.36       56.53       56.65       56.72       56.76    
  42    65.97       65.97       65.96       65.96       65.95       65.94       65.93       65.92       65.90       65.88    
        65.87       65.85       65.82       65.80       65.77       65.74       65.71       65.68       65.65       65.61    
        65.57       65.53       65.49       65.45       65.40       65.35       65.30       65.25       65.20       65.14    
        65.09       65.03       64.97       64.90       64.84       64.77       64.70       64.63       64.56       64.48    
        64.40       64.32       64.24       64.16       64.07       63.98       63.89       63.80       63.71       63.61    
        63.51       63.41       63.30       63.20       63.09       62.98       62.86       62.74       62.62       62.50    
        62.38       62.25       62.12       61.98       61.85       61.70       61.56       61.41       61.26       61.10    
        60.94       60.77       60.60       60.42       60.23       60.04       59.84       59.63       59.40       59.17    
        58.92       58.65       58.36       58.05       57.70       57.31       56.86       56.32       55.66       54.83    
        53.99       54.63       55.25       55.70       56.03       56.27       56.44       56.56       56.63       56.67    
  43    65.97       65.97       65.96       65.96       65.95       65.94       65.93       65.92       65.90       65.88    
        65.87       65.84       65.82       65.80       65.77       65.74       65.71       65.68       65.65       65.61    
        65.57       65.53       65.49       65.45       65.40       65.35       65.30       65.25       65.20       65.14    
        65.09       65.03       64.96       64.90       64.84       64.77       64.70       64.63       64.55       64.48    
        64.40       64.32       64.24       64.15       64.07       63.98       63.89       63.80       63.70       63.60    
        63.50       63.40       63.30       63.19       63.08       62.97       62.85       62.74       62.62       62.49    
        62.37       62.24       62.11       61.97       61.83       61.69       61.54       61.39       61.24       61.08    
        60.92       60.75       60.57       60.39       60.20       60.01       59.80       59.59       59.36       59.12    
        58.87       58.60       58.30       57.99       57.64       57.27       56.85       56.38       55.88       55.37    
        55.02       55.16       55.46       55.76       56.01       56.21       56.37       56.48       56.56       56.59    
  44    65.97       65.97       65.96       65.96       65.95       65.94       65.93       65.92       65.90       65.88    
        65.87       65.84       65.82       65.80       65.77       65.74       65.71       65.68       65.65       65.61    
        65.57       65.53       65.49       65.45       65.40       65.35       65.30       65.25       65.20       65.14    
        65.08       65.02       64.96       64.90       64.83       64.77       64.70       64.63       64.55       64.48    
        64.40       64.32       64.24       64.15       64.07       63.98       63.89       63.79       63.70       63.60    
        63.50       63.40       63.29       63.18       63.08       62.96       62.85       62.73       62.61       62.49    
        62.36       62.23       62.10       61.96       61.82       61.68       61.53       61.38       61.22       61.06    
        60.90       60.73       60.55       60.37       60.18       59.98       59.77       59.55       59.32       59.08    
        58.82       58.55       58.25       57.94       57.60       57.24       56.85       56.45       56.05       55.70    
        55.49       55.49       55.64       55.82       56.01       56.18       56.32       56.42       56.49       56.53    
  45    65.97       65.97       65.96       65.96       65.95       65.94       65.93       65.92       65.90       65.88    
        65.86       65.84       65.82       65.80       65.77       65.74       65.71       65.68       65.64       65.61    
        65.57       65.53       65.49       65.44       65.40       65.35       65.30       65.25       65.20       65.14    
        65.08       65.02       64.96       64.90       64.83       64.77       64.70       64.62       64.55       64.47    
        64.40       64.32       64.23       64.15       64.06       63.97       63.88       63.79       63.69       63.60    
        63.50       63.39       63.29       63.18       63.07       62.96       62.84       62.72       62.60       62.48    
        62.35       62.22       62.09       61.95       61.81       61.67       61.52       61.37       61.21       61.05    
        60.88       60.71       60.53       60.34       60.15       59.95       59.74       59.52       59.29       59.04    
        58.78       58.50       58.21       57.89       57.56       57.21       56.85       56.48       56.14       55.86    
        55.69       55.65       55.72       55.85       56.00       56.15       56.27       56.37       56.44       56.47    
  46    65.97       65.97       65.96       65.96       65.95       65.94       65.93       65.92       65.90       65.88    
        65.86       65.84       65.82       65.80       65.77       65.74       65.71       65.68       65.64       65.61    
        65.57       65.53       65.49       65.44       65.40       65.35       65.30       65.25       65.20       65.14    
        65.08       65.02       64.96       64.90       64.83       64.76       64.69       64.62       64.55       64.47    
        64.39       64.31       64.23       64.15       64.06       63.97       63.88       63.79       63.69       63.59    
        63.49       63.39       63.28       63.18       63.07       62.95       62.84       62.72       62.60       62.47    
        62.35       62.21       62.08       61.94       61.80       61.66       61.51       61.36       61.20       61.04    
        60.87       60.69       60.51       60.33       60.13       59.93       59.72       59.49       59.26       59.01    
        58.75       58.47       58.17       57.85       57.52       57.17       56.81       56.46       56.14       55.87    
        55.71       55.67       55.72       55.83       55.97       56.10       56.22       56.32       56.39       56.42    
  47    65.97       65.97       65.96       65.96       65.95       65.94       65.93       65.91       65.90       65.88    
        65.86       65.84       65.82       65.80       65.77       65.74       65.71       65.68       65.64       65.61    
        65.57       65.53       65.49       65.44       65.40       65.35       65.30       65.25       65.19       65.14    
        65.08       65.02       64.96       64.90       64.83       64.76       64.69       64.62       64.55       64.47    
        64.39       64.31       64.23       64.15       64.06       63.97       63.88       63.78       63.69       63.59    
        63.49       63.39       63.28       63.17       63.06       62.95       62.83       62.71       62.59       62.47    
        62.34       62.21       62.07       61.94       61.80       61.65       61.50       61.35       61.19       61.02    
        60.85       60.68       60.50       60.31       60.11       59.91       59.69       59.47       59.23       58.98    
        58.72       58.43       58.13       57.81       57.47       57.12       56.75       56.38       56.04       55.75    
        55.58       55.54       55.62       55.75       55.90       56.05       56.17       56.27       56.34       56.38    
  48    65.97       65.97       65.96       65.96       65.95       65.94       65.93       65.91       65.90       65.88    
        65.86       65.84       65.82       65.80       65.77       65.74       65.71       65.68       65.64       65.61    
        65.57       65.53       65.49       65.44       65.40       65.35       65.30       65.25       65.19       65.14    
        65.08       65.02       64.96       64.90       64.83       64.76       64.69       64.62       64.55       64.47    
        64.39       64.31       64.23       64.14       64.06       63.97       63.88       63.78       63.69       63.59    
        63.49       63.38       63.28       63.17       63.06       62.95       62.83       62.71       62.59       62.46    
        62.34       62.20       62.07       61.93       61.79       61.64       61.49       61.34       61.18       61.02    
        60.85       60.67       60.49       60.30       60.10       59.89       59.68       59.45       59.21       58.96    
        58.69       58.41       58.10       57.77       57.43       57.05       56.66       56.25       55.84       55.49    
        55.27       55.28       55.42       55.61       55.80       55.98       56.12       56.23       56.30       56.34    
  49    65.97       65.97       65.96       65.96       65.95       65.94       65.93       65.91       65.90       65.88    
        65.86       65.84       65.82       65.79       65.77       65.74       65.71       65.68       65.64       65.61    
        65.57       65.53       65.49       65.44       65.40       65.35       65.30       65.25       65.19       65.14    
        65.08       65.02       64.96       64.89       64.83       64.76       64.69       64.62       64.55       64.47    
        64.39       64.31       64.23       64.14       64.06       63.97       63.88       63.78       63.69       63.59    
        63.49       63.38       63.28       63.17       63.06       62.94       62.83       62.71       62.59       62.46    
        62.33       62.20       62.07       61.93       61.79       61.64       61.49       61.33       61.17       61.01    
        60.84       60.66       60.48       60.29       60.09       59.88       59.67       59.44       59.20       58.94    
        58.67       58.38       58.08       57.74       57.38       56.98       56.55       56.07       55.55       55.04    
        54.68       54.83       55.13       55.44       55.70       55.91       56.07       56.19       56.27       56.31    
  50    65.97       65.97       65.96       65.96       65.95       65.94       65.93       65.91       65.90       65.88    
        65.86       65.84       65.82       65.79       65.77       65.74       65.71       65.68       65.64       65.61    
        65.57       65.53       65.49       65.44       65.40       65.35       65.30       65.25       65.19       65.14    
        65.08       65.02       64.96       64.89       64.83       64.76       64.69       64.62       64.54       64.47    
        64.39       64.31       64.23       64.14       64.06       63.97       63.87       63.78       63.68       63.59    
        63.49       63.38       63.28       63.17       63.06       62.94       62.83       62.71       62.58       62.46    
        62.33       62.20       62.06       61.93       61.78       61.64       61.49       61.33       61.17       61.01    
        60.83       60.66       60.47       60.28       60.08       59.88       59.66       59.43       59.19       58.93    
        58.66       58.37       58.06       57.72       57.35       56.93       56.46       55.90       55.22       54.39    
        53.54       54.18       54.80       55.26       55.60       55.85       56.04       56.17       56.25       56.30    
  51    65.97       65.97       65.96       65.96       65.95       65.94       65.93       65.91       65.90       65.88    
        65.86       65.84       65.82       65.79       65.77       65.74       65.71       65.68       65.64       65.61    
        65.57       65.53       65.49       65.44       65.40       65.35       65.30       65.25       65.19       65.14    
        65.08       65.02       64.96       64.89       64.83       64.76       64.69       64.62       64.54       64.47    
        64.39       64.31       64.23       64.14       64.05       63.97       63.87       63.78       63.68       63.59    
        63.48       63.38       63.28       63.17       63.06       62.94       62.83       62.71       62.58       62.46    
        62.33       62.20       62.06       61.92       61.78       61.64       61.48       61.33       61.17       61.00    
        60.83       60.66       60.47       60.28       60.08       59.87       59.66       59.43       59.19       58.93    
        58.66       58.37       58.05       57.71       57.33       56.91       56.42       55.81       55.00       53.67    
        50.68       53.46       54.57       55.18       55.56       55.83       56.02       56.16       56.25       56.29    
  52    65.97       65.97       65.96       65.96       65.95       65.94       65.93       65.91       65.90       65.88    
        65.86       65.84       65.82       65.79       65.77       65.74       65.71       65.68       65.64       65.61    
        65.57       65.53       65.49       65.44       65.40       65.35       65.30       65.25       65.19       65.14    
        65.08       65.02       64.96       64.89       64.83       64.76       64.69       64.62       64.54       64.47    
        64.39       64.31       64.23       64.14       64.05       63.97       63.87       63.78       63.68       63.59    
        63.48       63.38       63.28       63.17       63.06       62.94       62.83       62.71       62.58       62.46    
        62.33       62.20       62.06       61.92       61.78       61.64       61.49       61.33       61.17       61.00    
        60.83       60.66       60.47       60.28       60.08       59.88       59.66       59.43       59.19       58.93    
        58.66       58.37       58.06       57.72       57.35       56.93       56.46       55.90       55.22       54.39    
        53.54       54.18       54.80       55.26       55.60       55.85       56.04       56.17       56.25       56.30    
  53    65.97       65.97       65.96       65.96       65.95       65.94       65.93       65.91       65.90       65.88    
        65.86       65.84       65.82       65.79       65.77       65.74       65.71       65.68       65.64       65.61    
        65.57       65.53       65.49       65.44       65.40       65.35       65.30       65.25       65.19       65.14    
        65.08       65.02       64.96       64.89       64.83       64.76       64.69       64.62       64.54       64.47    
        64.39       64.31       64.23       64.14       64.06       63.97       63.87       63.78       63.68       63.59    
        63.49       63.38       63.28       63.17       63.06       62.94       62.83       62.71       62.59       62.46    
        62.33       62.20       62.07       61.93       61.78       61.64       61.49       61.33       61.17       61.01    
        60.84       60.66       60.48       60.29       60.09       59.88       59.67       59.44       59.20       58.94    
        58.67       58.38       58.07       57.74       57.38       56.98       56.55       56.07       55.55       55.04    
        54.68       54.83       55.13       55.44       55.70       55.91       56.07       56.19       56.27       56.31    
  54    65.97       65.97       65.96       65.96       65.95       65.94       65.93       65.91       65.90       65.88    
        65.86       65.84       65.82       65.79       65.77       65.74       65.71       65.68       65.64       65.61    
        65.57       65.53       65.49       65.44       65.40       65.35       65.30       65.25       65.19       65.14    
        65.08       65.02       64.96       64.89       64.83       64.76       64.69       64.62       64.55       64.47    
        64.39       64.31       64.23       64.14       64.06       63.97       63.88       63.78       63.69       63.59    
        63.49       63.38       63.28       63.17       63.06       62.94       62.83       62.71       62.59       62.46    
        62.33       62.20       62.07       61.93       61.79       61.64       61.49       61.34       61.18       61.01    
        60.84       60.67       60.49       60.30       60.10       59.89       59.68       59.45       59.21       58.96    
        58.69       58.41       58.10       57.77       57.42       57.05       56.66       56.24       55.84       55.49    
        55.27       55.28       55.42       55.61       55.80       55.98       56.12       56.23       56.30       56.34    
  55    65.97       65.97       65.96       65.96       65.95       65.94       65.93       65.91       65.90       65.88    
        65.86       65.84       65.82       65.79       65.77       65.74       65.71       65.68       65.64       65.61    
        65.57       65.53       65.49       65.44       65.40       65.35       65.30       65.25       65.19       65.14    
        65.08       65.02       64.96       64.90       64.83       64.76       64.69       64.62       64.55       64.47    
        64.39       64.31       64.23       64.14       64.06       63.97       63.88       63.78       63.69       63.59    
        63.49       63.39       63.28       63.17       63.06       62.95       62.83       62.71       62.59       62.47    
        62.34       62.21       62.07       61.94       61.79       61.65       61.50       61.34       61.19       61.02    
        60.85       60.68       60.50       60.31       60.11       59.91       59.69       59.47       59.23       58.98    
        58.71       58.43       58.13       57.81       57.47       57.12       56.75       56.38       56.04       55.75    
        55.58       55.54       55.62       55.75       55.90       56.04       56.17       56.27       56.34       56.38    
  56    65.97       65.97       65.96       65.96       65.95       65.94       65.93       65.91       65.90       65.88    
        65.86       65.84       65.82       65.79       65.77       65.74       65.71       65.68       65.64       65.61    
        65.57       65.53       65.49       65.44       65.40       65.35       65.30       65.25       65.19       65.14    
        65.08       65.02       64.96       64.90       64.83       64.76       64.69       64.62       64.55       64.47    
        64.39       64.31       64.23       64.15       64.06       63.97       63.88       63.79       63.69       63.59    
        63.49       63.39       63.28       63.17       63.06       62.95       62.84       62.72       62.60       62.47    
        62.34       62.21       62.08       61.94       61.80       61.66       61.51       61.35       61.20       61.03    
        60.87       60.69       60.51       60.32       60.13       59.93       59.71       59.49       59.26       59.01    
        58.74       58.46       58.17       57.85       57.52       57.17       56.81       56.46       56.14       55.87    
        55.71       55.66       55.72       55.83       55.96       56.10       56.22       56.32       56.39       56.42    
  57    65.97       65.97       65.96       65.96       65.95       65.94       65.93       65.91       65.90       65.88    
        65.86       65.84       65.82       65.79       65.77       65.74       65.71       65.68       65.64       65.61    
        65.57       65.53       65.49       65.44       65.40       65.35       65.30       65.25       65.19       65.14    
        65.08       65.02       64.96       64.90       64.83       64.76       64.69       64.62       64.55       64.47    
        64.39       64.31       64.23       64.15       64.06       63.97       63.88       63.79       63.69       63.59    
        63.49       63.39       63.29       63.18       63.07       62.96       62.84       62.72       62.60       62.48    
        62.35       62.22       62.09       61.95       61.81       61.67       61.52       61.36       61.21       61.05    
        60.88       60.71       60.53       60.34       60.15       59.95       59.74       59.52       59.28       59.04    
        58.78       58.50       58.21       57.89       57.56       57.21       56.84       56.48       56.14       55.86    
        55.69       55.65       55.72       55.85       56.00       56.14       56.27       56.37       56.44       56.47    
  58    65.97       65.97       65.96       65.96       65.95       65.94       65.93       65.91       65.90       65.88    
        65.86       65.84       65.82       65.80       65.77       65.74       65.71       65.68       65.64       65.61    
        65.57       65.53       65.49       65.44       65.40       65.35       65.30       65.25       65.20       65.14    
        65.08       65.02       64.96       64.90       64.83       64.76       64.69       64.62       64.55       64.47    
        64.40       64.32       64.23       64.15       64.06       63.97       63.88       63.79       63.69       63.60    
        63.50       63.39       63.29       63.18       63.07       62.96       62.84       62.73       62.61       62.48    
        62.36       62.23       62.09       61.96       61.82       61.68       61.53       61.38       61.22       61.06    
        60.90       60.72       60.55       60.36       60.17       59.97       59.77       59.55       59.32       59.08    
        58.82       58.54       58.25       57.94       57.60       57.24       56.85       56.45       56.05       55.70    
        55.48       55.49       55.63       55.82       56.01       56.18       56.32       56.42       56.49       56.53    
  59    65.97       65.97       65.96       65.96       65.95       65.94       65.93       65.91       65.90       65.88    
        65.86       65.84       65.82       65.80       65.77       65.74       65.71       65.68       65.64       65.61    
        65.57       65.53       65.49       65.44       65.40       65.35       65.30       65.25       65.20       65.14    
        65.08       65.02       64.96       64.90       64.83       64.77       64.70       64.62       64.55       64.48    
        64.40       64.32       64.24       64.15       64.07       63.98       63.89       63.79       63.70       63.60    
        63.50       63.40       63.29       63.19       63.08       62.97       62.85       62.73       62.61       62.49    
        62.36       62.24       62.10       61.97       61.83       61.69       61.54       61.39       61.24       61.08    
        60.91       60.75       60.57       60.39       60.20       60.00       59.80       59.58       59.36       59.12    
        58.86       58.59       58.30       57.99       57.64       57.26       56.85       56.38       55.87       55.37    
        55.02       55.16       55.46       55.76       56.01       56.21       56.37       56.48       56.55       56.59    
  60    65.97       65.97       65.96       65.96       65.95       65.94       65.93       65.91       65.90       65.88    
        65.86       65.84       65.82       65.80       65.77       65.74       65.71       65.68       65.64       65.61    
        65.57       65.53       65.49       65.44       65.40       65.35       65.30       65.25       65.20       65.14    
        65.08       65.02       64.96       64.90       64.83       64.77       64.70       64.63       64.55       64.48    
        64.40       64.32       64.24       64.15       64.07       63.98       63.89       63.80       63.70       63.60    
        63.51       63.40       63.30       63.19       63.08       62.97       62.86       62.74       62.62       62.50    
        62.37       62.25       62.11       61.98       61.84       61.70       61.56       61.41       61.26       61.10    
        60.94       60.77       60.60       60.42       60.23       60.04       59.84       59.62       59.40       59.17    
        58.92       58.65       58.36       58.05       57.70       57.31       56.86       56.32       55.66       54.83    
        53.99       54.63       55.25       55.70       56.03       56.26       56.44       56.55       56.63       56.67    
  61    65.97       65.97       65.96       65.96       65.95       65.94       65.93       65.92       65.90       65.88    
        65.86       65.84       65.82       65.80       65.77       65.74       65.71       65.68       65.64       65.61    
        65.57       65.53       65.49       65.45       65.40       65.35       65.30       65.25       65.20       65.14    
        65.09       65.03       64.96       64.90       64.84       64.77       64.70       64.63       64.55       64.48    
        64.40       64.32       64.24       64.16       64.07       63.98       63.89       63.80       63.71       63.61    
        63.51       63.41       63.30       63.20       63.09       62.98       62.87       62.75       62.63       62.51    
        62.38       62.26       62.13       61.99       61.86       61.72       61.57       61.43       61.27       61.12    
        60.96       60.79       60.62       60.45       60.26       60.07       59.88       59.67       59.45       59.22    
        58.98       58.72       58.43       58.13       57.78       57.39       56.93       56.35       55.56       54.24    
        51.26       54.04       55.15       55.74       56.11       56.36       56.53       56.65       56.72       56.76    
  62    65.97       65.97       65.96       65.96       65.95       65.94       65.93       65.92       65.90       65.88    
        65.86       65.84       65.82       65.80       65.77       65.74       65.71       65.68       65.65       65.61    
        65.57       65.53       65.49       65.45       65.40       65.35       65.30       65.25       65.20       65.14    
        65.09       65.03       64.97       64.90       64.84       64.77       64.70       64.63       64.56       64.48    
        64.40       64.33       64.24       64.16       64.07       63.99       63.90       63.80       63.71       63.61    
        63.52       63.41       63.31       63.20       63.10       62.99       62.87       62.76       62.64       62.52    
        62.39       62.27       62.14       62.01       61.87       61.73       61.59       61.44       61.30       61.14    
        60.98       60.82       60.65       60.48       60.30       60.11       59.92       59.72       59.51       59.28    
        59.05       58.79       58.52       58.22       57.89       57.52       57.09       56.57       55.92       55.10    
        54.26       54.90       55.51       55.96       56.27       56.49       56.65       56.76       56.83       56.86    
  63    65.97       65.97       65.96       65.96       65.95       65.94       65.93       65.92       65.90       65.88    
        65.87       65.84       65.82       65.80       65.77       65.74       65.71       65.68       65.65       65.61    
        65.57       65.53       65.49       65.45       65.40       65.35       65.30       65.25       65.20       65.15    
        65.09       65.03       64.97       64.90       64.84       64.77       64.70       64.63       64.56       64.48    
        64.41       64.33       64.25       64.16       64.08       63.99       63.90       63.81       63.72       63.62    
        63.52       63.42       63.32       63.21       63.10       62.99       62.88       62.77       62.65       62.53    
        62.41       62.28       62.15       62.02       61.89       61.75       61.61       61.47       61.32       61.17    
        61.01       60.85       60.68       60.51       60.34       60.16       59.97       59.77       59.56       59.35    
        59.12       58.88       58.62       58.34       58.03       57.69       57.31       56.88       56.40       55.91    
        55.57       55.71       56.00       56.27       56.50       56.67       56.80       56.89       56.95       56.98    
  64    65.97       65.97       65.96       65.96       65.95       65.94       65.93       65.92       65.90       65.88    
        65.87       65.84       65.82       65.80       65.77       65.74       65.71       65.68       65.65       65.61    
        65.57       65.53       65.49       65.45       65.40       65.36       65.31       65.25       65.20       65.15    
        65.09       65.03       64.97       64.91       64.84       64.77       64.71       64.64       64.56       64.49    
        64.41       64.33       64.25       64.17       64.08       64.00       63.91       63.81       63.72       63.62    
        63.53       63.43       63.32       63.22       63.11       63.00       62.89       62.78       62.66       62.54    
        62.42       62.29       62.17       62.04       61.90       61.77       61.63       61.49       61.34       61.19    
        61.04       60.88       60.72       60.55       60.38       60.20       60.02       59.83       59.63       59.42    
        59.20       58.97       58.72       58.46       58.18       57.88       57.55       57.21       56.86       56.54    
        56.34       56.34       56.46       56.61       56.75       56.87       56.97       57.04       57.09       57.11    
  65    65.97       65.97       65.96       65.96       65.95       65.94       65.93       65.92       65.90       65.88    
        65.87       65.85       65.82       65.80       65.77       65.74       65.71       65.68       65.65       65.61    
        65.57       65.53       65.49       65.45       65.40       65.36       65.31       65.26       65.20       65.15    
        65.09       65.03       64.97       64.91       64.84       64.78       64.71       64.64       64.57       64.49    
        64.41       64.33       64.25       64.17       64.09       64.00       63.91       63.82       63.73       63.63    
        63.53       63.43       63.33       63.23       63.12       63.01       62.90       62.79       62.67       62.55    
        62.43       62.31       62.18       62.05       61.92       61.79       61.65       61.51       61.37       61.22    
        61.07       60.91       60.75       60.59       60.42       60.25       60.07       59.88       59.69       59.49    
        59.28       59.07       58.84       58.60       58.34       58.07       57.80       57.52       57.25       57.02    
        56.87       56.82       56.85       56.92       57.00       57.08       57.15       57.19       57.23       57.24    
  66    65.97       65.97       65.96       65.96       65.95       65.94       65.93       65.92       65.90       65.89    
        65.87       65.85       65.82       65.80       65.77       65.74       65.71       65.68       65.65       65.61    
        65.57       65.54       65.49       65.45       65.41       65.36       65.31       65.26       65.20       65.15    
        65.09       65.03       64.97       64.91       64.85       64.78       64.71       64.64       64.57       64.49    
        64.42       64.34       64.26       64.18       64.09       64.00       63.92       63.82       63.73       63.64    
        63.54       63.44       63.34       63.24       63.13       63.02       62.91       62.80       62.68       62.57    
        62.45       62.32       62.20       62.07       61.94       61.81       61.67       61.53       61.39       61.25    
        61.10       60.95       60.79       60.63       60.47       60.30       60.12       59.94       59.76       59.57    
        59.37       59.16       58.95       58.73       58.50       58.26       58.03       57.79       57.58       57.40    
        57.27       57.20       57.19       57.21       57.24       57.28       57.32       57.35       57.37       57.38    
  67    65.97       65.97       65.96       65.96       65.95       65.94       65.93       65.92       65.90       65.89    
        65.87       65.85       65.82       65.80       65.77       65.75       65.71       65.68       65.65       65.61    
        65.58       65.54       65.49       65.45       65.41       65.36       65.31       65.26       65.21       65.15    
        65.09       65.04       64.98       64.91       64.85       64.78       64.71       64.64       64.57       64.50    
        64.42       64.34       64.26       64.18       64.10       64.01       63.92       63.83       63.74       63.64    
        63.55       63.45       63.35       63.24       63.14       63.03       62.92       62.81       62.70       62.58    
        62.46       62.34       62.21       62.09       61.96       61.83       61.69       61.56       61.42       61.27    
        61.13       60.98       60.83       60.67       60.51       60.35       60.18       60.01       59.83       59.64    
        59.46       59.26       59.06       58.86       58.65       58.44       58.24       58.04       57.86       57.70    
        57.58       57.51       57.47       57.46       57.46       57.47       57.49       57.50       57.51       57.52    
  68    65.97       65.97       65.97       65.96       65.95       65.94       65.93       65.92       65.90       65.89    
        65.87       65.85       65.82       65.80       65.77       65.75       65.72       65.68       65.65       65.61    
        65.58       65.54       65.50       65.45       65.41       65.36       65.31       65.26       65.21       65.15    
        65.10       65.04       64.98       64.92       64.85       64.78       64.72       64.65       64.57       64.50    
        64.42       64.35       64.27       64.18       64.10       64.01       63.93       63.84       63.74       63.65    
        63.55       63.46       63.36       63.25       63.15       63.04       62.93       62.82       62.71       62.59    
        62.47       62.35       62.23       62.11       61.98       61.85       61.72       61.58       61.44       61.30    
        61.16       61.01       60.86       60.71       60.56       60.40       60.23       60.07       59.90       59.72    
        59.54       59.36       59.17       58.99       58.80       58.61       58.42       58.25       58.09       57.95    
        57.84       57.76       57.71       57.67       57.66       57.65       57.65       57.65       57.65       57.65    
  69    65.97       65.97       65.97       65.96       65.95       65.94       65.93       65.92       65.90       65.89    
        65.87       65.85       65.83       65.80       65.77       65.75       65.72       65.68       65.65       65.62    
        65.58       65.54       65.50       65.45       65.41       65.36       65.31       65.26       65.21       65.16    
        65.10       65.04       64.98       64.92       64.85       64.79       64.72       64.65       64.58       64.50    
        64.43       64.35       64.27       64.19       64.11       64.02       63.93       63.84       63.75       63.66    
        63.56       63.46       63.36       63.26       63.16       63.05       62.94       62.83       62.72       62.61    
        62.49       62.37       62.25       62.12       62.00       61.87       61.74       61.61       61.47       61.33    
        61.19       61.05       60.90       60.75       60.60       60.45       60.29       60.13       59.96       59.80    
        59.63       59.45       59.28       59.10       58.93       58.76       58.59       58.44       58.29       58.16    
        58.06       57.97       57.91       57.86       57.83       57.81       57.80       57.79       57.78       57.78    
  70    65.97       65.97       65.97       65.96       65.95       65.94       65.93       65.92       65.90       65.89    
        65.87       65.85       65.83       65.80       65.78       65.75       65.72       65.69       65.65       65.62    
        65.58       65.54       65.50       65.46       65.41       65.36       65.31       65.26       65.21       65.16    
        65.10       65.04       64.98       64.92       64.86       64.79       64.72       64.65       64.58       64.51    
        64.43       64.35       64.27       64.19       64.11       64.02       63.94       63.85       63.76       63.66    
        63.57       63.47       63.37       63.27       63.17       63.06       62.95       62.85       62.73       62.62    
        62.50       62.39       62.27       62.14       62.02       61.89       61.76       61.63       61.50       61.36    
        61.22       61.08       60.94       60.79       60.65       60.50       60.34       60.19       60.03       59.87    
        59.71       59.54       59.38       59.22       59.05       58.89       58.74       58.60       58.46       58.35    
        58.24       58.16       58.09       58.03       57.99       57.96       57.93       57.92       57.90       57.90    
  71    65.97       65.97       65.97       65.96       65.95       65.94       65.93       65.92       65.91       65.89    
        65.87       65.85       65.83       65.80       65.78       65.75       65.72       65.69       65.65       65.62    
        65.58       65.54       65.50       65.46       65.41       65.36       65.32       65.27       65.21       65.16    
        65.10       65.04       64.98       64.92       64.86       64.79       64.73       64.66       64.58       64.51    
        64.44       64.36       64.28       64.20       64.12       64.03       63.94       63.85       63.76       63.67    
        63.58       63.48       63.38       63.28       63.18       63.07       62.97       62.86       62.75       62.63    
        62.52       62.40       62.28       62.16       62.04       61.91       61.79       61.66       61.53       61.39    
        61.26       61.12       60.98       60.83       60.69       60.54       60.39       60.24       60.09       59.94    
        59.78       59.63       59.47       59.32       59.17       59.02       58.88       58.74       58.62       58.50    
        58.40       58.31       58.24       58.18       58.13       58.09       58.06       58.03       58.02       58.01    
  72    65.97       65.97       65.97       65.96       65.95       65.94       65.93       65.92       65.91       65.89    
        65.87       65.85       65.83       65.80       65.78       65.75       65.72       65.69       65.65       65.62    
        65.58       65.54       65.50       65.46       65.41       65.37       65.32       65.27       65.22       65.16    
        65.10       65.05       64.99       64.93       64.86       64.80       64.73       64.66       64.59       64.51    
        64.44       64.36       64.28       64.20       64.12       64.04       63.95       63.86       63.77       63.68    
        63.58       63.49       63.39       63.29       63.19       63.08       62.98       62.87       62.76       62.65    
        62.53       62.42       62.30       62.18       62.06       61.94       61.81       61.68       61.55       61.42    
        61.29       61.15       61.01       60.87       60.73       60.59       60.45       60.30       60.15       60.01    
        59.86       59.71       59.56       59.41       59.27       59.13       59.00       58.87       58.75       58.64    
        58.54       58.45       58.37       58.31       58.25       58.21       58.17       58.14       58.12       58.11    
  73    65.97       65.97       65.97       65.96       65.95       65.95       65.93       65.92       65.91       65.89    
        65.87       65.85       65.83       65.80       65.78       65.75       65.72       65.69       65.65       65.62    
        65.58       65.54       65.50       65.46       65.41       65.37       65.32       65.27       65.22       65.16    
        65.11       65.05       64.99       64.93       64.86       64.80       64.73       64.66       64.59       64.52    
        64.44       64.37       64.29       64.21       64.13       64.04       63.96       63.87       63.78       63.69    
        63.59       63.50       63.40       63.30       63.20       63.09       62.99       62.88       62.77       62.66    
        62.55       62.43       62.32       62.20       62.08       61.96       61.83       61.71       61.58       61.45    
        61.32       61.19       61.05       60.91       60.78       60.64       60.50       60.35       60.21       60.07    
        59.93       59.78       59.64       59.50       59.36       59.23       59.10       58.98       58.86       58.76    
        58.66       58.57       58.49       58.42       58.37       58.32       58.27       58.24       58.22       58.21    
  74    65.97       65.97       65.97       65.96       65.96       65.95       65.93       65.92       65.91       65.89    
        65.87       65.85       65.83       65.80       65.78       65.75       65.72       65.69       65.66       65.62    
        65.58       65.54       65.50       65.46       65.42       65.37       65.32       65.27       65.22       65.16    
        65.11       65.05       64.99       64.93       64.87       64.80       64.73       64.67       64.60       64.52    
        64.45       64.37       64.29       64.21       64.13       64.05       63.96       63.87       63.78       63.69    
        63.60       63.50       63.41       63.31       63.21       63.11       63.00       62.89       62.79       62.68    
        62.56       62.45       62.34       62.22       62.10       61.98       61.86       61.73       61.61       61.48    
        61.35       61.22       61.09       60.95       60.82       60.68       60.54       60.41       60.27       60.13    
        59.99       59.85       59.72       59.58       59.45       59.32       59.20       59.08       58.97       58.86    
        58.77       58.68       58.60       58.53       58.47       58.41       58.37       58.33       58.31       58.30    
  75    65.97       65.97       65.97       65.96       65.96       65.95       65.94       65.92       65.91       65.89    
        65.87       65.85       65.83       65.81       65.78       65.75       65.72       65.69       65.66       65.62    
        65.58       65.55       65.50       65.46       65.42       65.37       65.32       65.27       65.22       65.17    
        65.11       65.05       64.99       64.93       64.87       64.80       64.74       64.67       64.60       64.53    
        64.45       64.38       64.30       64.22       64.14       64.05       63.97       63.88       63.79       63.70    
        63.61       63.51       63.42       63.32       63.22       63.12       63.01       62.91       62.80       62.69    
        62.58       62.47       62.35       62.24       62.12       62.00       61.88       61.76       61.63       61.51    
        61.38       61.25       61.12       60.99       60.86       60.72       60.59       60.46       60.32       60.19    
        60.05       59.92       59.79       59.66       59.53       59.41       59.29       59.17       59.06       58.96    
        58.86       58.77       58.69       58.62       58.55       58.50       58.45       58.42       58.39       58.38    
  76    65.98       65.97       65.97       65.96       65.96       65.95       65.94       65.92       65.91       65.89    
        65.87       65.85       65.83       65.81       65.78       65.75       65.72       65.69       65.66       65.62    
        65.59       65.55       65.51       65.46       65.42       65.37       65.32       65.27       65.22       65.17    
        65.11       65.06       65.00       64.94       64.87       64.81       64.74       64.67       64.60       64.53    
        64.46       64.38       64.30       64.22       64.14       64.06       63.97       63.89       63.80       63.71    
        63.62       63.52       63.43       63.33       63.23       63.13       63.02       62.92       62.81       62.70    
        62.60       62.48       62.37       62.26       62.14       62.02       61.90       61.78       61.66       61.53    
        61.41       61.28       61.15       61.03       60.90       60.77       60.63       60.50       60.37       60.24    
        60.11       59.98       59.85       59.73       59.60       59.48       59.36       59.25       59.14       59.04    
        58.95       58.86       58.78       58.70       58.64       58.58       58.53       58.49       58.46       58.45    
  77    65.98       65.97       65.97       65.96       65.96       65.95       65.94       65.92       65.91       65.89    
        65.87       65.85       65.83       65.81       65.78       65.75       65.72       65.69       65.66       65.62    
        65.59       65.55       65.51       65.46       65.42       65.37       65.33       65.28       65.22       65.17    
        65.12       65.06       65.00       64.94       64.88       64.81       64.74       64.68       64.61       64.53    
        64.46       64.38       64.31       64.23       64.15       64.06       63.98       63.89       63.81       63.72    
        63.62       63.53       63.43       63.34       63.24       63.14       63.04       62.93       62.83       62.72    
        62.61       62.50       62.39       62.27       62.16       62.04       61.92       61.80       61.68       61.56    
        61.44       61.31       61.19       61.06       60.93       60.80       60.68       60.55       60.42       60.29    
        60.16       60.04       59.91       59.79       59.67       59.55       59.43       59.32       59.22       59.12    
        59.02       58.93       58.85       58.78       58.71       58.65       58.60       58.56       58.53       58.51    
  78    65.98       65.97       65.97       65.97       65.96       65.95       65.94       65.92       65.91       65.89    
        65.87       65.85       65.83       65.81       65.78       65.75       65.72       65.69       65.66       65.63    
        65.59       65.55       65.51       65.47       65.42       65.38       65.33       65.28       65.23       65.17    
        65.12       65.06       65.00       64.94       64.88       64.81       64.75       64.68       64.61       64.54    
        64.46       64.39       64.31       64.23       64.15       64.07       63.99       63.90       63.81       63.72    
        63.63       63.54       63.44       63.35       63.25       63.15       63.05       62.94       62.84       62.73    
        62.62       62.51       62.40       62.29       62.18       62.06       61.94       61.83       61.71       61.59    
        61.46       61.34       61.22       61.09       60.97       60.84       60.72       60.59       60.46       60.34    
        60.21       60.09       59.97       59.85       59.73       59.61       59.50       59.39       59.29       59.19    
        59.09       59.00       58.92       58.84       58.77       58.71       58.66       58.62       58.59       58.57    
  79    65.98       65.97       65.97       65.97       65.96       65.95       65.94       65.93       65.91       65.89    
        65.88       65.85       65.83       65.81       65.78       65.76       65.73       65.69       65.66       65.63    
        65.59       65.55       65.51       65.47       65.42       65.38       65.33       65.28       65.23       65.18    
        65.12       65.06       65.00       64.94       64.88       64.82       64.75       64.68       64.61       64.54    
        64.47       64.39       64.32       64.24       64.16       64.08       63.99       63.91       63.82       63.73    
        63.64       63.55       63.45       63.36       63.26       63.16       63.06       62.96       62.85       62.75    
        62.64       62.53       62.42       62.31       62.19       62.08       61.96       61.85       61.73       61.61    
        61.49       61.37       61.25       61.12       61.00       60.88       60.75       60.63       60.51       60.38    
        60.26       60.14       60.02       59.90       59.78       59.67       59.56       59.45       59.35       59.25    
        59.15       59.06       58.98       58.90       58.83       58.77       58.72       58.67       58.64       58.63    
  80    65.98       65.98       65.97       65.97       65.96       65.95       65.94       65.93       65.91       65.89    
        65.88       65.86       65.83       65.81       65.78       65.76       65.73       65.70       65.66       65.63    
        65.59       65.55       65.51       65.47       65.43       65.38       65.33       65.28       65.23       65.18    
        65.12       65.07       65.01       64.95       64.88       64.82       64.75       64.69       64.62       64.55    
        64.47       64.40       64.32       64.24       64.16       64.08       64.00       63.91       63.82       63.74    
        63.65       63.55       63.46       63.36       63.27       63.17       63.07       62.97       62.86       62.76    
        62.65       62.54       62.44       62.32       62.21       62.10       61.98       61.87       61.75       61.63    
        61.52       61.40       61.28       61.15       61.03       60.91       60.79       60.67       60.54       60.42    
        60.30       60.18       60.06       59.95       59.83       59.72       59.61       59.50       59.40       59.30    
        59.21       59.12       59.03       58.96       58.88       58.82       58.77       58.72       58.69       58.68    
  81    65.98       65.98       65.97       65.97       65.96       65.95       65.94       65.93       65.91       65.90    
        65.88       65.86       65.83       65.81       65.78       65.76       65.73       65.70       65.66       65.63    
        65.59       65.55       65.51       65.47       65.43       65.38       65.33       65.28       65.23       65.18    
        65.12       65.07       65.01       64.95       64.89       64.82       64.76       64.69       64.62       64.55    
        64.48       64.40       64.33       64.25       64.17       64.09       64.00       63.92       63.83       63.74    
        63.65       63.56       63.47       63.37       63.28       63.18       63.08       62.98       62.88       62.77    
        62.67       62.56       62.45       62.34       62.23       62.12       62.00       61.89       61.77       61.66    
        61.54       61.42       61.30       61.18       61.06       60.94       60.82       60.70       60.58       60.46    
        60.34       60.22       60.11       59.99       59.88       59.77       59.66       59.55       59.45       59.35    
        59.26       59.17       59.08       59.00       58.93       58.87       58.81       58.77       58.74       58.72    
  82    65.98       65.98       65.97       65.97       65.96       65.95       65.94       65.93       65.91       65.90    
        65.88       65.86       65.84       65.81       65.79       65.76       65.73       65.70       65.66       65.63    
        65.59       65.55       65.51       65.47       65.43       65.38       65.33       65.29       65.23       65.18    
        65.13       65.07       65.01       64.95       64.89       64.83       64.76       64.69       64.62       64.55    
        64.48       64.41       64.33       64.25       64.17       64.09       64.01       63.92       63.84       63.75    
        63.66       63.57       63.48       63.38       63.29       63.19       63.09       62.99       62.89       62.78    
        62.68       62.57       62.46       62.36       62.25       62.13       62.02       61.91       61.79       61.68    
        61.56       61.45       61.33       61.21       61.09       60.97       60.85       60.73       60.62       60.50    
        60.38       60.26       60.15       60.03       59.92       59.81       59.70       59.60       59.50       59.40    
        59.30       59.21       59.13       59.05       58.97       58.91       58.85       58.81       58.78       58.76    
  83    65.98       65.98       65.97       65.97       65.96       65.95       65.94       65.93       65.91       65.90    
        65.88       65.86       65.84       65.81       65.79       65.76       65.73       65.70       65.67       65.63    
        65.59       65.56       65.52       65.47       65.43       65.38       65.34       65.29       65.24       65.18    
        65.13       65.07       65.01       64.95       64.89       64.83       64.76       64.70       64.63       64.56    
        64.48       64.41       64.33       64.26       64.18       64.10       64.01       63.93       63.84       63.76    
        63.67       63.58       63.48       63.39       63.29       63.20       63.10       63.00       62.90       62.80    
        62.69       62.59       62.48       62.37       62.26       62.15       62.04       61.93       61.81       61.70    
        61.58       61.47       61.35       61.23       61.12       61.00       60.88       60.76       60.65       60.53    
        60.41       60.30       60.18       60.07       59.96       59.85       59.74       59.64       59.54       59.44    
        59.34       59.25       59.17       59.09       59.01       58.95       58.89       58.85       58.81       58.80    
  84    65.98       65.98       65.97       65.97       65.96       65.95       65.94       65.93       65.91       65.90    
        65.88       65.86       65.84       65.81       65.79       65.76       65.73       65.70       65.67       65.63    
        65.59       65.56       65.52       65.47       65.43       65.38       65.34       65.29       65.24       65.18    
        65.13       65.07       65.02       64.96       64.89       64.83       64.77       64.70       64.63       64.56    
        64.49       64.41       64.34       64.26       64.18       64.10       64.02       63.93       63.85       63.76    
        63.67       63.58       63.49       63.40       63.30       63.21       63.11       63.01       62.91       62.81    
        62.70       62.60       62.49       62.38       62.28       62.17       62.06       61.94       61.83       61.72    
        61.60       61.49       61.37       61.26       61.14       61.03       60.91       60.79       60.68       60.56    
        60.45       60.33       60.22       60.11       60.00       59.89       59.78       59.67       59.57       59.47    
        59.38       59.29       59.20       59.12       59.05       58.98       58.93       58.88       58.85       58.83    
  85    65.98       65.98       65.97       65.97       65.96       65.95       65.94       65.93       65.91       65.90    
        65.88       65.86       65.84       65.81       65.79       65.76       65.73       65.70       65.67       65.63    
        65.60       65.56       65.52       65.48       65.43       65.39       65.34       65.29       65.24       65.19    
        65.13       65.08       65.02       64.96       64.90       64.83       64.77       64.70       64.63       64.56    
        64.49       64.42       64.34       64.26       64.19       64.11       64.02       63.94       63.85       63.77    
        63.68       63.59       63.50       63.41       63.31       63.21       63.12       63.02       62.92       62.82    
        62.71       62.61       62.50       62.40       62.29       62.18       62.07       61.96       61.85       61.74    
        61.62       61.51       61.40       61.28       61.17       61.05       60.93       60.82       60.70       60.59    
        60.48       60.36       60.25       60.14       60.03       59.92       59.81       59.71       59.61       59.51    
        59.41       59.32       59.24       59.15       59.08       59.01       58.96       58.91       58.88       58.86    
  86    65.98       65.98       65.97       65.97       65.96       65.95       65.94       65.93       65.91       65.90    
        65.88       65.86       65.84       65.81       65.79       65.76       65.73       65.70       65.67       65.63    
        65.60       65.56       65.52       65.48       65.43       65.39       65.34       65.29       65.24       65.19    
        65.13       65.08       65.02       64.96       64.90       64.84       64.77       64.70       64.64       64.57    
        64.49       64.42       64.35       64.27       64.19       64.11       64.03       63.95       63.86       63.77    
        63.69       63.60       63.51       63.41       63.32       63.22       63.13       63.03       62.93       62.83    
        62.72       62.62       62.52       62.41       62.30       62.20       62.09       61.98       61.87       61.75    
        61.64       61.53       61.42       61.30       61.19       61.07       60.96       60.84       60.73       60.62    
        60.50       60.39       60.28       60.17       60.06       59.95       59.84       59.74       59.64       59.54    
        59.44       59.35       59.26       59.18       59.11       59.04       58.98       58.94       58.90       58.88    
  87    65.98       65.98       65.98       65.97       65.96       65.95       65.94       65.93       65.92       65.90    
        65.88       65.86       65.84       65.81       65.79       65.76       65.73       65.70       65.67       65.63    
        65.60       65.56       65.52       65.48       65.43       65.39       65.34       65.29       65.24       65.19    
        65.14       65.08       65.02       64.96       64.90       64.84       64.77       64.71       64.64       64.57    
        64.50       64.42       64.35       64.27       64.19       64.11       64.03       63.95       63.87       63.78    
        63.69       63.60       63.51       63.42       63.33       63.23       63.13       63.04       62.94       62.84    
        62.73       62.63       62.53       62.42       62.32       62.21       62.10       61.99       61.88       61.77    
        61.66       61.55       61.43       61.32       61.21       61.09       60.98       60.87       60.75       60.64    
        60.53       60.41       60.30       60.19       60.08       59.98       59.87       59.77       59.66       59.57    
        59.47       59.38       59.29       59.21       59.13       59.07       59.01       58.96       58.93       58.91    
  88    65.98       65.98       65.98       65.97       65.96       65.95       65.94       65.93       65.92       65.90    
        65.88       65.86       65.84       65.82       65.79       65.76       65.73       65.70       65.67       65.64    
        65.60       65.56       65.52       65.48       65.44       65.39       65.34       65.29       65.24       65.19    
        65.14       65.08       65.02       64.96       64.90       64.84       64.78       64.71       64.64       64.57    
        64.50       64.43       64.35       64.28       64.20       64.12       64.04       63.95       63.87       63.78    
        63.70       63.61       63.52       63.43       63.33       63.24       63.14       63.04       62.95       62.85    
        62.74       62.64       62.54       62.43       62.33       62.22       62.11       62.00       61.90       61.79    
        61.67       61.56       61.45       61.34       61.23       61.11       61.00       60.89       60.77       60.66    
        60.55       60.44       60.33       60.22       60.11       60.00       59.89       59.79       59.69       59.59    
        59.49       59.40       59.31       59.23       59.16       59.09       59.03       58.98       58.95       58.93    
  89    65.98       65.98       65.98       65.97       65.96       65.95       65.94       65.93       65.92       65.90    
        65.88       65.86       65.84       65.82       65.79       65.76       65.73       65.70       65.67       65.64    
        65.60       65.56       65.52       65.48       65.44       65.39       65.34       65.30       65.24       65.19    
        65.14       65.08       65.02       64.97       64.90       64.84       64.78       64.71       64.64       64.57    
        64.50       64.43       64.36       64.28       64.20       64.12       64.04       63.96       63.87       63.79    
        63.70       63.61       63.52       63.43       63.34       63.24       63.15       63.05       62.95       62.85    
        62.75       62.65       62.55       62.44       62.34       62.23       62.13       62.02       61.91       61.80    
        61.69       61.58       61.47       61.35       61.24       61.13       61.02       60.91       60.79       60.68    
        60.57       60.46       60.35       60.24       60.13       60.02       59.92       59.81       59.71       59.61    
        59.52       59.42       59.34       59.25       59.18       59.11       59.05       59.00       58.97       58.95    
  90    65.98       65.98       65.98       65.97       65.96       65.95       65.94       65.93       65.92       65.90    
        65.88       65.86       65.84       65.82       65.79       65.76       65.73       65.70       65.67       65.64    
        65.60       65.56       65.52       65.48       65.44       65.39       65.35       65.30       65.25       65.19    
        65.14       65.08       65.03       64.97       64.91       64.84       64.78       64.71       64.65       64.58    
        64.51       64.43       64.36       64.28       64.20       64.13       64.04       63.96       63.88       63.79    
        63.71       63.62       63.53       63.44       63.34       63.25       63.16       63.06       62.96       62.86    
        62.76       62.66       62.56       62.45       62.35       62.24       62.14       62.03       61.92       61.81    
        61.70       61.59       61.48       61.37       61.26       61.15       61.03       60.92       60.81       60.70    
        60.59       60.48       60.37       60.26       60.15       60.04       59.94       59.83       59.73       59.63    
        59.54       59.44       59.35       59.27       59.20       59.13       59.07       59.02       58.98       58.96    
  91    65.98       65.98       65.98       65.97       65.96       65.96       65.94       65.93       65.92       65.90    
        65.88       65.86       65.84       65.82       65.79       65.76       65.74       65.70       65.67       65.64    
        65.60       65.56       65.52       65.48       65.44       65.39       65.35       65.30       65.25       65.19    
        65.14       65.09       65.03       64.97       64.91       64.85       64.78       64.72       64.65       64.58    
        64.51       64.43       64.36       64.28       64.21       64.13       64.05       63.97       63.88       63.80    
        63.71       63.62       63.53       63.44       63.35       63.26       63.16       63.06       62.97       62.87    
        62.77       62.67       62.57       62.46       62.36       62.25       62.15       62.04       61.93       61.82    
        61.71       61.60       61.49       61.38       61.27       61.16       61.05       60.94       60.83       60.72    
        60.60       60.49       60.38       60.27       60.17       60.06       59.95       59.85       59.75       59.65    
        59.55       59.46       59.37       59.29       59.21       59.14       59.08       59.03       59.00       58.98    
  92    65.98       65.98       65.98       65.97       65.96       65.96       65.94       65.93       65.92       65.90    
        65.88       65.86       65.84       65.82       65.79       65.76       65.74       65.70       65.67       65.64    
        65.60       65.56       65.52       65.48       65.44       65.39       65.35       65.30       65.25       65.20    
        65.14       65.09       65.03       64.97       64.91       64.85       64.78       64.72       64.65       64.58    
        64.51       64.44       64.36       64.29       64.21       64.13       64.05       63.97       63.89       63.80    
        63.71       63.63       63.54       63.45       63.35       63.26       63.17       63.07       62.97       62.87    
        62.78       62.67       62.57       62.47       62.37       62.26       62.16       62.05       61.94       61.83    
        61.72       61.62       61.51       61.40       61.28       61.17       61.06       60.95       60.84       60.73    
        60.62       60.51       60.40       60.29       60.18       60.07       59.97       59.87       59.76       59.66    
        59.57       59.47       59.39       59.30       59.23       59.16       59.10       59.05       59.01       58.99    
  93    65.98       65.98       65.98       65.97       65.96       65.96       65.94       65.93       65.92       65.90    
        65.88       65.86       65.84       65.82       65.79       65.77       65.74       65.71       65.67       65.64    
        65.60       65.56       65.52       65.48       65.44       65.39       65.35       65.30       65.25       65.20    
        65.14       65.09       65.03       64.97       64.91       64.85       64.78       64.72       64.65       64.58    
        64.51       64.44       64.37       64.29       64.21       64.13       64.05       63.97       63.89       63.80    
        63.72       63.63       63.54       63.45       63.36       63.27       63.17       63.08       62.98       62.88    
        62.78       62.68       62.58       62.48       62.37       62.27       62.16       62.06       61.95       61.84    
        61.73       61.63       61.52       61.41       61.30       61.19       61.07       60.96       60.85       60.74    
        60.63       60.52       60.41       60.30       60.20       60.09       59.98       59.88       59.78       59.68    
        59.58       59.49       59.40       59.32       59.24       59.17       59.11       59.06       59.02       59.00    
  94    65.98       65.98       65.98       65.97       65.97       65.96       65.95       65.93       65.92       65.90    
        65.88       65.86       65.84       65.82       65.79       65.77       65.74       65.71       65.67       65.64    
        65.60       65.56       65.53       65.48       65.44       65.40       65.35       65.30       65.25       65.20    
        65.14       65.09       65.03       64.97       64.91       64.85       64.79       64.72       64.65       64.58    
        64.51       64.44       64.37       64.29       64.21       64.14       64.06       63.97       63.89       63.81    
        63.72       63.63       63.54       63.45       63.36       63.27       63.18       63.08       62.98       62.89    
        62.79       62.69       62.58       62.48       62.38       62.28       62.17       62.06       61.96       61.85    
        61.74       61.63       61.52       61.42       61.31       61.19       61.08       60.97       60.86       60.75    
        60.64       60.53       60.42       60.31       60.21       60.10       59.99       59.89       59.79       59.69    
        59.59       59.50       59.41       59.33       59.25       59.18       59.12       59.07       59.03       59.01    
  95    65.98       65.98       65.98       65.97       65.97       65.96       65.95       65.93       65.92       65.90    
        65.88       65.86       65.84       65.82       65.79       65.77       65.74       65.71       65.67       65.64    
        65.60       65.57       65.53       65.48       65.44       65.40       65.35       65.30       65.25       65.20    
        65.14       65.09       65.03       64.97       64.91       64.85       64.79       64.72       64.65       64.59    
        64.51       64.44       64.37       64.29       64.22       64.14       64.06       63.98       63.89       63.81    
        63.72       63.64       63.55       63.46       63.37       63.27       63.18       63.08       62.99       62.89    
        62.79       62.69       62.59       62.49       62.38       62.28       62.18       62.07       61.96       61.86    
        61.75       61.64       61.53       61.42       61.31       61.20       61.09       60.98       60.87       60.76    
        60.65       60.54       60.43       60.32       60.22       60.11       60.00       59.90       59.80       59.70    
        59.60       59.51       59.42       59.34       59.26       59.19       59.13       59.08       59.04       59.02    
  96    65.98       65.98       65.98       65.97       65.97       65.96       65.95       65.93       65.92       65.90    
        65.88       65.86       65.84       65.82       65.79       65.77       65.74       65.71       65.67       65.64    
        65.60       65.57       65.53       65.48       65.44       65.40       65.35       65.30       65.25       65.20    
        65.15       65.09       65.03       64.97       64.91       64.85       64.79       64.72       64.66       64.59    
        64.52       64.44       64.37       64.30       64.22       64.14       64.06       63.98       63.90       63.81    
        63.73       63.64       63.55       63.46       63.37       63.28       63.18       63.09       62.99       62.89    
        62.79       62.69       62.59       62.49       62.39       62.29       62.18       62.08       61.97       61.86    
        61.76       61.65       61.54       61.43       61.32       61.21       61.10       60.99       60.88       60.77    
        60.66       60.55       60.44       60.33       60.23       60.12       60.01       59.91       59.81       59.71    
        59.61       59.52       59.43       59.34       59.26       59.19       59.13       59.08       59.05       59.03    
  97    65.98       65.98       65.98       65.97       65.97       65.96       65.95       65.93       65.92       65.90    
        65.88       65.86       65.84       65.82       65.79       65.77       65.74       65.71       65.67       65.64    
        65.60       65.57       65.53       65.49       65.44       65.40       65.35       65.30       65.25       65.20    
        65.15       65.09       65.03       64.98       64.91       64.85       64.79       64.72       64.66       64.59    
        64.52       64.44       64.37       64.30       64.22       64.14       64.06       63.98       63.90       63.81    
        63.73       63.64       63.55       63.46       63.37       63.28       63.18       63.09       62.99       62.90    
        62.80       62.70       62.60       62.50       62.39       62.29       62.19       62.08       61.97       61.87    
        61.76       61.65       61.54       61.43       61.33       61.22       61.11       61.00       60.89       60.78    
        60.67       60.56       60.45       60.34       60.23       60.12       60.02       59.92       59.81       59.71    
        59.62       59.52       59.43       59.35       59.27       59.20       59.14       59.09       59.05       59.03    
  98    65.98       65.98       65.98       65.97       65.97       65.96       65.95       65.93       65.92       65.90    
        65.88       65.86       65.84       65.82       65.79       65.77       65.74       65.71       65.67       65.64    
        65.60       65.57       65.53       65.49       65.44       65.40       65.35       65.30       65.25       65.20    
        65.15       65.09       65.03       64.98       64.92       64.85       64.79       64.72       64.66       64.59    
        64.52       64.45       64.37       64.30       64.22       64.14       64.06       63.98       63.90       63.81    
        63.73       63.64       63.55       63.46       63.37       63.28       63.19       63.09       63.00       62.90    
        62.80       62.70       62.60       62.50       62.40       62.29       62.19       62.08       61.98       61.87    
        61.76       61.66       61.55       61.44       61.33       61.22       61.11       61.00       60.89       60.78    
        60.67       60.56       60.45       60.34       60.24       60.13       60.02       59.92       59.82       59.72    
        59.62       59.53       59.44       59.35       59.27       59.20       59.14       59.09       59.06       59.04    
  99    65.98       65.98       65.98       65.97       65.97       65.96       65.95       65.93       65.92       65.90    
        65.88       65.86       65.84       65.82       65.79       65.77       65.74       65.71       65.67       65.64    
        65.60       65.57       65.53       65.49       65.44       65.40       65.35       65.30       65.25       65.20    
        65.15       65.09       65.03       64.98       64.92       64.85       64.79       64.72       64.66       64.59    
        64.52       64.45       64.37       64.30       64.22       64.14       64.06       63.98       63.90       63.82    
        63.73       63.64       63.55       63.46       63.37       63.28       63.19       63.09       63.00       62.90    
        62.80       62.70       62.60       62.50       62.40       62.29       62.19       62.09       61.98       61.87    
        61.77       61.66       61.55       61.44       61.33       61.22       61.11       61.00       60.89       60.78    
        60.67       60.56       60.46       60.35       60.24       60.13       60.03       59.92       59.82       59.72    
        59.62       59.53       59.44       59.36       59.28       59.21       59.15       59.09       59.06       59.04    
 100    65.98       65.98       65.98       65.97       65.97       65.96       65.95       65.93       65.92       65.90    
        65.88       65.86       65.84       65.82       65.79       65.77       65.74       65.71       65.67       65.64    
        65.60       65.57       65.53       65.49       65.44       65.40       65.35       65.30       65.25       65.20    
        65.15       65.09       65.03       64.98       64.92       64.85       64.79       64.72       64.66       64.59    
        64.52       64.45       64.37       64.30       64.22       64.14       64.06       63.98       63.90       63.82    
        63.73       63.64       63.55       63.47       63.37       63.28       63.19       63.09       63.00       62.90    
        62.80       62.70       62.60       62.50       62.40       62.30       62.19       62.09       61.98       61.87    
        61.77       61.66       61.55       61.44       61.33       61.22       61.11       61.00       60.90       60.79    
        60.68       60.57       60.46       60.35       60.24       60.13       60.03       59.92       59.82       59.72    
        59.63       59.53       59.44       59.36       59.28       59.21       59.15       59.10       59.06       59.04    
1
  HEAD IN LAYER   4 AT END OF TIME STEP   1 IN STRESS PERIOD    1
  ---------------------------------------------------------------------------

 ........................................................................................................................................................................................................................................................................................................................................................................................................................................................................................................................................................................................................................................................................................................................................................................................................................................................................................................................................................................................................................................
   1    65.99       65.99       65.99       65.98       65.97       65.97       65.95       65.94       65.93       65.91    
        65.89       65.87       65.85       65.83       65.80       65.78       65.75       65.72       65.68       65.65    
        65.61       65.58       65.54       65.50       65.45       65.41       65.36       65.31       65.26       65.21    
        65.16       65.10       65.05       64.99       64.93       64.87       64.80       64.74       64.67       64.60    
        64.53       64.46       64.39       64.32       64.24       64.16       64.08       64.00       63.92       63.84    
        63.75       63.66       63.58       63.49       63.40       63.30       63.21       63.12       63.02       62.93    
        62.83       62.73       62.63       62.53       62.43       62.32       62.22       62.11       62.01       61.90    
        61.80       61.69       61.58       61.47       61.36       61.25       61.14       61.04       60.93       60.82    
        60.71       60.60       60.49       60.38       60.27       60.16       60.06       59.95       59.85       59.75    
        59.65       59.56       59.47       59.38       59.30       59.23       59.17       59.12       59.08       59.06    
   2    65.99       65.99       65.99       65.98       65.97       65.97       65.95       65.94       65.93       65.91    
        65.89       65.87       65.85       65.83       65.80       65.78       65.75       65.72       65.68       65.65    
        65.61       65.58       65.54       65.50       65.45       65.41       65.36       65.31       65.26       65.21    
        65.16       65.10       65.05       64.99       64.93       64.87       64.80       64.74       64.67       64.60    
        64.53       64.46       64.39       64.32       64.24       64.16       64.08       64.00       63.92       63.84    
        63.75       63.66       63.58       63.49       63.40       63.30       63.21       63.12       63.02       62.92    
        62.83       62.73       62.63       62.53       62.42       62.32       62.22       62.11       62.01       61.90    
        61.80       61.69       61.58       61.47       61.36       61.25       61.14       61.03       60.92       60.81    
        60.70       60.59       60.49       60.38       60.27       60.16       60.05       59.95       59.85       59.75    
        59.65       59.55       59.46       59.38       59.30       59.23       59.17       59.12       59.08       59.06    
   3    65.99       65.99       65.99       65.98       65.97       65.97       65.95       65.94       65.93       65.91    
        65.89       65.87       65.85       65.83       65.80       65.78       65.75       65.72       65.68       65.65    
        65.61       65.58       65.54       65.50       65.45       65.41       65.36       65.31       65.26       65.21    
        65.16       65.10       65.05       64.99       64.93       64.87       64.80       64.74       64.67       64.60    
        64.53       64.46       64.39       64.31       64.24       64.16       64.08       64.00       63.92       63.83    
        63.75       63.66       63.57       63.49       63.39       63.30       63.21       63.12       63.02       62.92    
        62.83       62.73       62.63       62.53       62.42       62.32       62.22       62.11       62.01       61.90    
        61.79       61.69       61.58       61.47       61.36       61.25       61.14       61.03       60.92       60.81    
        60.70       60.59       60.48       60.37       60.27       60.16       60.05       59.95       59.84       59.74    
        59.65       59.55       59.46       59.38       59.30       59.23       59.16       59.11       59.08       59.06    
   4    65.99       65.99       65.99       65.98       65.97       65.97       65.95       65.94       65.93       65.91    
        65.89       65.87       65.85       65.83       65.80       65.78       65.75       65.72       65.68       65.65    
        65.61       65.58       65.54       65.50       65.45       65.41       65.36       65.31       65.26       65.21    
        65.16       65.10       65.05       64.99       64.93       64.87       64.80       64.74       64.67       64.60    
        64.53       64.46       64.39       64.31       64.24       64.16       64.08       64.00       63.92       63.83    
        63.75       63.66       63.57       63.48       63.39       63.30       63.21       63.11       63.02       62.92    
        62.82       62.72       62.62       62.52       62.42       62.32       62.21       62.11       62.00       61.90    
        61.79       61.68       61.57       61.47       61.36       61.25       61.14       61.03       60.92       60.81    
        60.70       60.59       60.48       60.37       60.26       60.15       60.05       59.94       59.84       59.74    
        59.64       59.55       59.46       59.37       59.29       59.22       59.16       59.11       59.07       59.05    
   5    65.99       65.99       65.99       65.98       65.97       65.97       65.95       65.94       65.93       65.91    
        65.89       65.87       65.85       65.83       65.80       65.78       65.75       65.72       65.68       65.65    
        65.61       65.58       65.54       65.50       65.45       65.41       65.36       65.31       65.26       65.21    
        65.16       65.10       65.05       64.99       64.93       64.87       64.80       64.74       64.67       64.60    
        64.53       64.46       64.39       64.31       64.24       64.16       64.08       64.00       63.92       63.83    
        63.75       63.66       63.57       63.48       63.39       63.30       63.21       63.11       63.02       62.92    
        62.82       62.72       62.62       62.52       62.42       62.31       62.21       62.10       62.00       61.89    
        61.79       61.68       61.57       61.46       61.35       61.24       61.13       61.02       60.91       60.80    
        60.69       60.58       60.47       60.36       60.25       60.15       60.04       59.94       59.83       59.73    
        59.64       59.54       59.45       59.37       59.29       59.22       59.15       59.10       59.07       59.05    
   6    65.99       65.99       65.99       65.98       65.97       65.97       65.95       65.94       65.93       65.91    
        65.89       65.87       65.85       65.83       65.80       65.78       65.75       65.72       65.68       65.65    
        65.61       65.58       65.54       65.50       65.45       65.41       65.36       65.31       65.26       65.21    
        65.16       65.10       65.05       64.99       64.93       64.87       64.80       64.74       64.67       64.60    
        64.53       64.46       64.39       64.31       64.23       64.16       64.08       64.00       63.91       63.83    
        63.74       63.66       63.57       63.48       63.39       63.30       63.20       63.11       63.01       62.91    
        62.82       62.72       62.62       62.51       62.41       62.31       62.20       62.10       61.99       61.89    
        61.78       61.67       61.56       61.45       61.34       61.23       61.12       61.01       60.90       60.79    
        60.68       60.57       60.46       60.36       60.25       60.14       60.03       59.93       59.83       59.73    
        59.63       59.53       59.44       59.36       59.28       59.21       59.15       59.10       59.06       59.04    
   7    65.99       65.99       65.99       65.98       65.97       65.96       65.95       65.94       65.93       65.91    
        65.89       65.87       65.85       65.83       65.80       65.78       65.75       65.72       65.68       65.65    
        65.61       65.58       65.54       65.49       65.45       65.41       65.36       65.31       65.26       65.21    
        65.16       65.10       65.04       64.99       64.93       64.86       64.80       64.73       64.67       64.60    
        64.53       64.46       64.38       64.31       64.23       64.15       64.07       63.99       63.91       63.83    
        63.74       63.65       63.57       63.48       63.39       63.29       63.20       63.10       63.01       62.91    
        62.81       62.71       62.61       62.51       62.41       62.30       62.20       62.09       61.99       61.88    
        61.77       61.66       61.56       61.45       61.34       61.23       61.12       61.01       60.90       60.78    
        60.67       60.56       60.45       60.35       60.24       60.13       60.02       59.92       59.82       59.72    
        59.62       59.53       59.44       59.35       59.27       59.20       59.14       59.09       59.05       59.03    
   8    65.99       65.99       65.99       65.98       65.97       65.96       65.95       65.94       65.93       65.91    
        65.89       65.87       65.85       65.83       65.80       65.77       65.75       65.72       65.68       65.65    
        65.61       65.57       65.54       65.49       65.45       65.41       65.36       65.31       65.26       65.21    
        65.16       65.10       65.04       64.98       64.92       64.86       64.80       64.73       64.67       64.60    
        64.53       64.46       64.38       64.31       64.23       64.15       64.07       63.99       63.91       63.82    
        63.74       63.65       63.56       63.47       63.38       63.29       63.19       63.10       63.00       62.91    
        62.81       62.71       62.61       62.50       62.40       62.30       62.19       62.09       61.98       61.87    
        61.76       61.66       61.55       61.44       61.33       61.22       61.11       61.00       60.89       60.77    
        60.66       60.55       60.44       60.33       60.23       60.12       60.01       59.91       59.81       59.71    
        59.61       59.52       59.43       59.34       59.26       59.19       59.13       59.08       59.04       59.03    
   9    65.99       65.99       65.99       65.98       65.97       65.96       65.95       65.94       65.93       65.91    
        65.89       65.87       65.85       65.83       65.80       65.77       65.75       65.71       65.68       65.65    
        65.61       65.57       65.53       65.49       65.45       65.41       65.36       65.31       65.26       65.21    
        65.15       65.10       65.04       64.98       64.92       64.86       64.80       64.73       64.66       64.60    
        64.53       64.45       64.38       64.30       64.23       64.15       64.07       63.99       63.91       63.82    
        63.73       63.65       63.56       63.47       63.38       63.28       63.19       63.09       63.00       62.90    
        62.80       62.70       62.60       62.50       62.39       62.29       62.18       62.08       61.97       61.86    
        61.76       61.65       61.54       61.43       61.32       61.21       61.10       60.98       60.87       60.76    
        60.65       60.54       60.43       60.32       60.21       60.11       60.00       59.90       59.79       59.69    
        59.60       59.50       59.41       59.33       59.25       59.18       59.12       59.07       59.03       59.01    
  10    65.99       65.99       65.99       65.98       65.97       65.96       65.95       65.94       65.93       65.91    
        65.89       65.87       65.85       65.83       65.80       65.77       65.74       65.71       65.68       65.65    
        65.61       65.57       65.53       65.49       65.45       65.40       65.36       65.31       65.26       65.21    
        65.15       65.10       65.04       64.98       64.92       64.86       64.80       64.73       64.66       64.59    
        64.52       64.45       64.38       64.30       64.22       64.15       64.07       63.98       63.90       63.82    
        63.73       63.64       63.55       63.46       63.37       63.28       63.18       63.09       62.99       62.89    
        62.79       62.69       62.59       62.49       62.39       62.28       62.18       62.07       61.96       61.85    
        61.74       61.64       61.53       61.42       61.30       61.19       61.08       60.97       60.86       60.75    
        60.64       60.53       60.42       60.31       60.20       60.09       59.99       59.88       59.78       59.68    
        59.58       59.49       59.40       59.32       59.24       59.17       59.11       59.06       59.02       59.00    
  11    65.99       65.99       65.98       65.98       65.97       65.96       65.95       65.94       65.93       65.91    
        65.89       65.87       65.85       65.83       65.80       65.77       65.74       65.71       65.68       65.65    
        65.61       65.57       65.53       65.49       65.45       65.40       65.36       65.31       65.26       65.21    
        65.15       65.10       65.04       64.98       64.92       64.86       64.79       64.73       64.66       64.59    
        64.52       64.45       64.37       64.30       64.22       64.14       64.06       63.98       63.90       63.81    
        63.73       63.64       63.55       63.46       63.37       63.27       63.18       63.08       62.99       62.89    
        62.79       62.69       62.58       62.48       62.38       62.27       62.17       62.06       61.95       61.84    
        61.73       61.62       61.51       61.40       61.29       61.18       61.07       60.96       60.85       60.73    
        60.62       60.51       60.40       60.29       60.18       60.08       59.97       59.87       59.76       59.66    
        59.57       59.47       59.38       59.30       59.22       59.15       59.09       59.04       59.01       58.99    
  12    65.99       65.99       65.98       65.98       65.97       65.96       65.95       65.94       65.92       65.91    
        65.89       65.87       65.85       65.82       65.80       65.77       65.74       65.71       65.68       65.65    
        65.61       65.57       65.53       65.49       65.45       65.40       65.36       65.31       65.26       65.20    
        65.15       65.09       65.04       64.98       64.92       64.86       64.79       64.73       64.66       64.59    
        64.52       64.45       64.37       64.30       64.22       64.14       64.06       63.98       63.89       63.81    
        63.72       63.63       63.54       63.45       63.36       63.27       63.17       63.08       62.98       62.88    
        62.78       62.68       62.57       62.47       62.37       62.26       62.15       62.05       61.94       61.83    
        61.72       61.61       61.50       61.39       61.28       61.16       61.05       60.94       60.83       60.72    
        60.61       60.49       60.38       60.27       60.16       60.06       59.95       59.85       59.74       59.65    
        59.55       59.46       59.37       59.28       59.21       59.14       59.08       59.03       58.99       58.97    
  13    65.99       65.99       65.98       65.98       65.97       65.96       65.95       65.94       65.92       65.91    
        65.89       65.87       65.85       65.82       65.80       65.77       65.74       65.71       65.68       65.64    
        65.61       65.57       65.53       65.49       65.45       65.40       65.35       65.31       65.25       65.20    
        65.15       65.09       65.04       64.98       64.92       64.85       64.79       64.72       64.66       64.59    
        64.52       64.44       64.37       64.29       64.21       64.14       64.06       63.97       63.89       63.80    
        63.72       63.63       63.54       63.45       63.35       63.26       63.16       63.07       62.97       62.87    
        62.77       62.67       62.57       62.46       62.36       62.25       62.14       62.04       61.93       61.82    
        61.71       61.60       61.48       61.37       61.26       61.15       61.04       60.92       60.81       60.70    
        60.59       60.47       60.36       60.25       60.14       60.04       59.93       59.83       59.72       59.62    
        59.53       59.44       59.35       59.26       59.19       59.12       59.06       59.01       58.98       58.96    
  14    65.99       65.99       65.98       65.98       65.97       65.96       65.95       65.94       65.92       65.91    
        65.89       65.87       65.85       65.82       65.80       65.77       65.74       65.71       65.68       65.64    
        65.61       65.57       65.53       65.49       65.44       65.40       65.35       65.30       65.25       65.20    
        65.15       65.09       65.03       64.97       64.91       64.85       64.79       64.72       64.65       64.58    
        64.51       64.44       64.36       64.29       64.21       64.13       64.05       63.97       63.88       63.80    
        63.71       63.62       63.53       63.44       63.35       63.25       63.16       63.06       62.96       62.86    
        62.76       62.66       62.55       62.45       62.34       62.24       62.13       62.02       61.91       61.80    
        61.69       61.58       61.47       61.36       61.24       61.13       61.02       60.90       60.79       60.68    
        60.56       60.45       60.34       60.23       60.12       60.01       59.91       59.80       59.70       59.60    
        59.51       59.41       59.33       59.24       59.17       59.10       59.04       58.99       58.96       58.94    
  15    65.99       65.99       65.98       65.98       65.97       65.96       65.95       65.94       65.92       65.91    
        65.89       65.87       65.85       65.82       65.80       65.77       65.74       65.71       65.68       65.64    
        65.61       65.57       65.53       65.49       65.44       65.40       65.35       65.30       65.25       65.20    
        65.15       65.09       65.03       64.97       64.91       64.85       64.78       64.72       64.65       64.58    
        64.51       64.44       64.36       64.28       64.21       64.13       64.05       63.96       63.88       63.79    
        63.71       63.62       63.53       63.43       63.34       63.25       63.15       63.05       62.95       62.85    
        62.75       62.65       62.54       62.44       62.33       62.23       62.12       62.01       61.90       61.79    
        61.68       61.56       61.45       61.34       61.22       61.11       61.00       60.88       60.77       60.65    
        60.54       60.43       60.32       60.21       60.10       59.99       59.88       59.78       59.68       59.58    
        59.48       59.39       59.30       59.22       59.14       59.08       59.02       58.97       58.93       58.92    
  16    65.99       65.99       65.98       65.98       65.97       65.96       65.95       65.94       65.92       65.91    
        65.89       65.87       65.85       65.82       65.80       65.77       65.74       65.71       65.68       65.64    
        65.61       65.57       65.53       65.49       65.44       65.40       65.35       65.30       65.25       65.20    
        65.14       65.09       65.03       64.97       64.91       64.85       64.78       64.72       64.65       64.58    
        64.51       64.43       64.36       64.28       64.20       64.12       64.04       63.96       63.87       63.79    
        63.70       63.61       63.52       63.43       63.33       63.24       63.14       63.04       62.94       62.84    
        62.74       62.64       62.53       62.43       62.32       62.21       62.10       61.99       61.88       61.77    
        61.66       61.54       61.43       61.32       61.20       61.09       60.97       60.86       60.74       60.63    
        60.52       60.40       60.29       60.18       60.07       59.96       59.85       59.75       59.65       59.55    
        59.45       59.36       59.27       59.19       59.12       59.05       58.99       58.94       58.91       58.89    
  17    65.99       65.99       65.98       65.98       65.97       65.96       65.95       65.94       65.92       65.90    
        65.89       65.87       65.84       65.82       65.80       65.77       65.74       65.71       65.68       65.64    
        65.60       65.57       65.53       65.48       65.44       65.40       65.35       65.30       65.25       65.20    
        65.14       65.09       65.03       64.97       64.91       64.84       64.78       64.71       64.64       64.57    
        64.50       64.43       64.35       64.28       64.20       64.12       64.04       63.95       63.87       63.78    
        63.69       63.60       63.51       63.42       63.32       63.23       63.13       63.03       62.93       62.83    
        62.73       62.62       62.52       62.41       62.31       62.20       62.09       61.98       61.86       61.75    
        61.64       61.53       61.41       61.30       61.18       61.07       60.95       60.83       60.72       60.60    
        60.49       60.37       60.26       60.15       60.04       59.93       59.82       59.72       59.62       59.52    
        59.42       59.33       59.24       59.16       59.09       59.02       58.96       58.92       58.88       58.87    
  18    65.99       65.98       65.98       65.98       65.97       65.96       65.95       65.94       65.92       65.90    
        65.89       65.87       65.84       65.82       65.79       65.77       65.74       65.71       65.67       65.64    
        65.60       65.56       65.52       65.48       65.44       65.39       65.35       65.30       65.25       65.19    
        65.14       65.08       65.03       64.97       64.90       64.84       64.78       64.71       64.64       64.57    
        64.50       64.42       64.35       64.27       64.19       64.11       64.03       63.95       63.86       63.77    
        63.69       63.60       63.50       63.41       63.32       63.22       63.12       63.02       62.92       62.82    
        62.72       62.61       62.51       62.40       62.29       62.18       62.07       61.96       61.85       61.73    
        61.62       61.50       61.39       61.27       61.16       61.04       60.92       60.81       60.69       60.57    
        60.46       60.34       60.23       60.12       60.01       59.90       59.79       59.69       59.58       59.48    
        59.39       59.30       59.21       59.13       59.06       58.99       58.93       58.89       58.85       58.84    
  19    65.99       65.98       65.98       65.97       65.97       65.96       65.95       65.93       65.92       65.90    
        65.89       65.86       65.84       65.82       65.79       65.77       65.74       65.71       65.67       65.64    
        65.60       65.56       65.52       65.48       65.44       65.39       65.34       65.30       65.24       65.19    
        65.14       65.08       65.02       64.96       64.90       64.84       64.77       64.71       64.64       64.57    
        64.49       64.42       64.34       64.27       64.19       64.11       64.03       63.94       63.86       63.77    
        63.68       63.59       63.50       63.40       63.31       63.21       63.11       63.01       62.91       62.81    
        62.70       62.60       62.49       62.38       62.28       62.16       62.05       61.94       61.83       61.71    
        61.60       61.48       61.37       61.25       61.13       61.01       60.90       60.78       60.66       60.54    
        60.43       60.31       60.20       60.08       59.97       59.86       59.75       59.65       59.55       59.45    
        59.35       59.26       59.18       59.09       59.02       58.96       58.90       58.85       58.82       58.80    
  20    65.99       65.98       65.98       65.97       65.97       65.96       65.95       65.93       65.92       65.90    
        65.88       65.86       65.84       65.82       65.79       65.77       65.74       65.70       65.67       65.64    
        65.60       65.56       65.52       65.48       65.44       65.39       65.34       65.29       65.24       65.19    
        65.13       65.08       65.02       64.96       64.90       64.83       64.77       64.70       64.63       64.56    
        64.49       64.42       64.34       64.26       64.18       64.10       64.02       63.94       63.85       63.76    
        63.67       63.58       63.49       63.39       63.30       63.20       63.10       63.00       62.90       62.80    
        62.69       62.59       62.48       62.37       62.26       62.15       62.04       61.92       61.81       61.69    
        61.58       61.46       61.34       61.22       61.10       60.98       60.87       60.75       60.63       60.51    
        60.39       60.27       60.16       60.04       59.93       59.82       59.71       59.61       59.50       59.41    
        59.31       59.22       59.13       59.06       58.98       58.92       58.86       58.82       58.78       58.77    
  21    65.98       65.98       65.98       65.97       65.97       65.96       65.95       65.93       65.92       65.90    
        65.88       65.86       65.84       65.82       65.79       65.76       65.73       65.70       65.67       65.64    
        65.60       65.56       65.52       65.48       65.43       65.39       65.34       65.29       65.24       65.19    
        65.13       65.08       65.02       64.96       64.90       64.83       64.77       64.70       64.63       64.56    
        64.49       64.41       64.34       64.26       64.18       64.10       64.01       63.93       63.84       63.75    
        63.66       63.57       63.48       63.39       63.29       63.19       63.09       62.99       62.89       62.78    
        62.68       62.57       62.46       62.35       62.24       62.13       62.02       61.90       61.79       61.67    
        61.55       61.43       61.31       61.20       61.07       60.95       60.83       60.71       60.59       60.47    
        60.35       60.24       60.12       60.00       59.89       59.78       59.67       59.56       59.46       59.36    
        59.26       59.17       59.09       59.01       58.94       58.87       58.82       58.78       58.74       58.73    
  22    65.98       65.98       65.98       65.97       65.97       65.96       65.94       65.93       65.92       65.90    
        65.88       65.86       65.84       65.82       65.79       65.76       65.73       65.70       65.67       65.63    
        65.60       65.56       65.52       65.48       65.43       65.39       65.34       65.29       65.24       65.19    
        65.13       65.07       65.02       64.95       64.89       64.83       64.76       64.70       64.63       64.55    
        64.48       64.41       64.33       64.25       64.17       64.09       64.01       63.92       63.84       63.75    
        63.66       63.56       63.47       63.38       63.28       63.18       63.08       62.98       62.88       62.77    
        62.66       62.56       62.45       62.34       62.22       62.11       62.00       61.88       61.76       61.65    
        61.53       61.41       61.29       61.17       61.04       60.92       60.80       60.68       60.56       60.43    
        60.31       60.19       60.07       59.96       59.84       59.73       59.62       59.51       59.41       59.31    
        59.21       59.12       59.04       58.96       58.89       58.83       58.77       58.73       58.70       58.68    
  23    65.98       65.98       65.98       65.97       65.96       65.96       65.94       65.93       65.92       65.90    
        65.88       65.86       65.84       65.82       65.79       65.76       65.73       65.70       65.67       65.63    
        65.60       65.56       65.52       65.48       65.43       65.38       65.34       65.29       65.24       65.18    
        65.13       65.07       65.01       64.95       64.89       64.83       64.76       64.69       64.62       64.55    
        64.48       64.40       64.33       64.25       64.17       64.09       64.00       63.92       63.83       63.74    
        63.65       63.56       63.46       63.37       63.27       63.17       63.07       62.97       62.86       62.76    
        62.65       62.54       62.43       62.32       62.21       62.09       61.98       61.86       61.74       61.62    
        61.50       61.38       61.26       61.14       61.01       60.89       60.76       60.64       60.52       60.39    
        60.27       60.15       60.03       59.91       59.79       59.68       59.57       59.46       59.35       59.25    
        59.16       59.07       58.99       58.91       58.84       58.78       58.72       58.68       58.65       58.63    
  24    65.98       65.98       65.98       65.97       65.96       65.95       65.94       65.93       65.92       65.90    
        65.88       65.86       65.84       65.81       65.79       65.76       65.73       65.70       65.67       65.63    
        65.59       65.56       65.52       65.47       65.43       65.38       65.34       65.29       65.23       65.18    
        65.13       65.07       65.01       64.95       64.89       64.82       64.76       64.69       64.62       64.55    
        64.47       64.40       64.32       64.24       64.16       64.08       64.00       63.91       63.82       63.73    
        63.64       63.55       63.45       63.36       63.26       63.16       63.06       62.95       62.85       62.74    
        62.64       62.53       62.41       62.30       62.19       62.07       61.96       61.84       61.72       61.60    
        61.47       61.35       61.23       61.10       60.98       60.85       60.73       60.60       60.47       60.35    
        60.22       60.10       59.98       59.85       59.74       59.62       59.51       59.40       59.29       59.19    
        59.10       59.01       58.92       58.85       58.78       58.72       58.67       58.62       58.59       58.58    
  25    65.98       65.98       65.98       65.97       65.96       65.95       65.94       65.93       65.91       65.90    
        65.88       65.86       65.84       65.81       65.79       65.76       65.73       65.70       65.67       65.63    
        65.59       65.55       65.51       65.47       65.43       65.38       65.33       65.28       65.23       65.18    
        65.12       65.07       65.01       64.95       64.88       64.82       64.75       64.68       64.61       64.54    
        64.47       64.39       64.32       64.24       64.16       64.07       63.99       63.90       63.81       63.72    
        63.63       63.54       63.44       63.35       63.25       63.15       63.05       62.94       62.84       62.73    
        62.62       62.51       62.40       62.28       62.17       62.05       61.93       61.81       61.69       61.57    
        61.45       61.32       61.20       61.07       60.94       60.81       60.69       60.56       60.43       60.30    
        60.17       60.05       59.92       59.80       59.68       59.56       59.44       59.33       59.23       59.12    
        59.03       58.94       58.86       58.78       58.71       58.65       58.60       58.56       58.53       58.52    
  26    65.98       65.98       65.98       65.97       65.96       65.95       65.94       65.93       65.91       65.90    
        65.88       65.86       65.84       65.81       65.79       65.76       65.73       65.70       65.66       65.63    
        65.59       65.55       65.51       65.47       65.43       65.38       65.33       65.28       65.23       65.18    
        65.12       65.06       65.00       64.94       64.88       64.82       64.75       64.68       64.61       64.54    
        64.46       64.39       64.31       64.23       64.15       64.07       63.98       63.90       63.81       63.72    
        63.62       63.53       63.44       63.34       63.24       63.14       63.03       62.93       62.82       62.71    
        62.61       62.49       62.38       62.27       62.15       62.03       61.91       61.79       61.67       61.54    
        61.42       61.29       61.16       61.03       60.91       60.77       60.64       60.51       60.38       60.25    
        60.12       59.99       59.86       59.73       59.61       59.49       59.37       59.26       59.15       59.05    
        58.95       58.86       58.78       58.71       58.64       58.58       58.53       58.49       58.47       58.45    
  27    65.98       65.98       65.97       65.97       65.96       65.95       65.94       65.93       65.91       65.90    
        65.88       65.86       65.84       65.81       65.79       65.76       65.73       65.70       65.66       65.63    
        65.59       65.55       65.51       65.47       65.42       65.38       65.33       65.28       65.23       65.17    
        65.12       65.06       65.00       64.94       64.88       64.81       64.75       64.68       64.61       64.53    
        64.46       64.38       64.31       64.23       64.14       64.06       63.98       63.89       63.80       63.71    
        63.62       63.52       63.43       63.33       63.23       63.13       63.02       62.92       62.81       62.70    
        62.59       62.48       62.36       62.25       62.13       62.01       61.89       61.77       61.64       61.52    
        61.39       61.26       61.13       61.00       60.87       60.73       60.60       60.46       60.33       60.19    
        60.06       59.93       59.79       59.66       59.54       59.41       59.29       59.18       59.07       58.96    
        58.87       58.78       58.70       58.62       58.56       58.50       58.46       58.42       58.39       58.38    
  28    65.98       65.98       65.97       65.97       65.96       65.95       65.94       65.93       65.91       65.90    
        65.88       65.86       65.83       65.81       65.78       65.76       65.73       65.70       65.66       65.63    
        65.59       65.55       65.51       65.47       65.42       65.38       65.33       65.28       65.23       65.17    
        65.12       65.06       65.00       64.94       64.87       64.81       64.74       64.67       64.60       64.53    
        64.46       64.38       64.30       64.22       64.14       64.06       63.97       63.88       63.79       63.70    
        63.61       63.51       63.42       63.32       63.22       63.11       63.01       62.90       62.80       62.69    
        62.57       62.46       62.34       62.23       62.11       61.99       61.87       61.74       61.61       61.49    
        61.36       61.23       61.09       60.96       60.83       60.69       60.55       60.41       60.28       60.14    
        60.00       59.86       59.72       59.59       59.46       59.33       59.21       59.09       58.97       58.87    
        58.77       58.68       58.60       58.53       58.47       58.42       58.37       58.34       58.31       58.30    
  29    65.98       65.98       65.97       65.97       65.96       65.95       65.94       65.93       65.91       65.89    
        65.88       65.86       65.83       65.81       65.78       65.76       65.73       65.69       65.66       65.63    
        65.59       65.55       65.51       65.47       65.42       65.37       65.33       65.28       65.22       65.17    
        65.11       65.06       65.00       64.93       64.87       64.81       64.74       64.67       64.60       64.53    
        64.45       64.37       64.30       64.22       64.13       64.05       63.96       63.88       63.79       63.69    
        63.60       63.50       63.41       63.31       63.21       63.10       63.00       62.89       62.78       62.67    
        62.56       62.44       62.33       62.21       62.09       61.97       61.84       61.72       61.59       61.46    
        61.33       61.19       61.06       60.92       60.78       60.64       60.50       60.36       60.22       60.08    
        59.93       59.79       59.65       59.51       59.37       59.24       59.11       58.99       58.87       58.76    
        58.66       58.58       58.50       58.43       58.37       58.32       58.28       58.25       58.22       58.21    
  30    65.98       65.98       65.97       65.97       65.96       65.95       65.94       65.93       65.91       65.89    
        65.88       65.85       65.83       65.81       65.78       65.75       65.72       65.69       65.66       65.62    
        65.59       65.55       65.51       65.46       65.42       65.37       65.32       65.27       65.22       65.17    
        65.11       65.05       64.99       64.93       64.87       64.80       64.74       64.67       64.59       64.52    
        64.45       64.37       64.29       64.21       64.13       64.04       63.96       63.87       63.78       63.69    
        63.59       63.50       63.40       63.30       63.20       63.09       62.99       62.88       62.77       62.66    
        62.54       62.43       62.31       62.19       62.07       61.94       61.82       61.69       61.56       61.43    
        61.30       61.16       61.02       60.88       60.74       60.60       60.45       60.31       60.16       60.01    
        59.86       59.71       59.57       59.42       59.28       59.14       59.00       58.87       58.75       58.64    
        58.54       58.46       58.38       58.31       58.26       58.21       58.17       58.15       58.13       58.12    
  31    65.98       65.97       65.97       65.97       65.96       65.95       65.94       65.92       65.91       65.89    
        65.87       65.85       65.83       65.81       65.78       65.75       65.72       65.69       65.66       65.62    
        65.59       65.55       65.50       65.46       65.42       65.37       65.32       65.27       65.22       65.16    
        65.11       65.05       64.99       64.93       64.86       64.80       64.73       64.66       64.59       64.52    
        64.44       64.37       64.29       64.21       64.12       64.04       63.95       63.86       63.77       63.68    
        63.58       63.49       63.39       63.29       63.19       63.08       62.97       62.87       62.75       62.64    
        62.53       62.41       62.29       62.17       62.05       61.92       61.79       61.66       61.53       61.40    
        61.26       61.12       60.98       60.84       60.70       60.55       60.40       60.25       60.10       59.94    
        59.79       59.63       59.48       59.32       59.17       59.02       58.88       58.75       58.62       58.51    
        58.40       58.32       58.24       58.18       58.13       58.09       58.06       58.04       58.02       58.01    
  32    65.98       65.97       65.97       65.96       65.96       65.95       65.94       65.92       65.91       65.89    
        65.87       65.85       65.83       65.81       65.78       65.75       65.72       65.69       65.66       65.62    
        65.58       65.54       65.50       65.46       65.42       65.37       65.32       65.27       65.22       65.16    
        65.11       65.05       64.99       64.93       64.86       64.80       64.73       64.66       64.59       64.51    
        64.44       64.36       64.28       64.20       64.12       64.03       63.94       63.86       63.76       63.67    
        63.58       63.48       63.38       63.28       63.17       63.07       62.96       62.85       62.74       62.63    
        62.51       62.39       62.27       62.15       62.03       61.90       61.77       61.64       61.51       61.37    
        61.23       61.09       60.95       60.80       60.65       60.50       60.35       60.19       60.03       59.87    
        59.71       59.55       59.38       59.22       59.06       58.90       58.75       58.60       58.47       58.35    
        58.25       58.16       58.09       58.03       57.99       57.96       57.94       57.92       57.91       57.90    
  33    65.98       65.97       65.97       65.96       65.96       65.95       65.94       65.92       65.91       65.89    
        65.87       65.85       65.83       65.81       65.78       65.75       65.72       65.69       65.66       65.62    
        65.58       65.54       65.50       65.46       65.41       65.37       65.32       65.27       65.21       65.16    
        65.10       65.05       64.99       64.92       64.86       64.79       64.72       64.66       64.58       64.51    
        64.43       64.36       64.28       64.19       64.11       64.03       63.94       63.85       63.76       63.66    
        63.57       63.47       63.37       63.27       63.16       63.06       62.95       62.84       62.73       62.61    
        62.50       62.38       62.26       62.13       62.01       61.88       61.75       61.61       61.48       61.34    
        61.20       61.05       60.91       60.76       60.61       60.45       60.29       60.13       59.97       59.80    
        59.63       59.46       59.28       59.11       58.93       58.76       58.60       58.44       58.29       58.17    
        58.06       57.98       57.91       57.87       57.83       57.81       57.80       57.79       57.78       57.78    
  34    65.97       65.97       65.97       65.96       65.96       65.95       65.94       65.92       65.91       65.89    
        65.87       65.85       65.83       65.80       65.78       65.75       65.72       65.69       65.65       65.62    
        65.58       65.54       65.50       65.46       65.41       65.37       65.32       65.27       65.21       65.16    
        65.10       65.04       64.98       64.92       64.86       64.79       64.72       64.65       64.58       64.51    
        64.43       64.35       64.27       64.19       64.11       64.02       63.93       63.84       63.75       63.66    
        63.56       63.46       63.36       63.26       63.15       63.05       62.94       62.83       62.71       62.60    
        62.48       62.36       62.24       62.11       61.99       61.86       61.72       61.59       61.45       61.31    
        61.17       61.02       60.87       60.72       60.56       60.40       60.24       60.07       59.90       59.73    
        59.55       59.36       59.18       58.99       58.80       58.61       58.43       58.25       58.09       57.96    
        57.84       57.76       57.71       57.68       57.66       57.65       57.65       57.65       57.65       57.65    
  35    65.97       65.97       65.97       65.96       65.96       65.95       65.93       65.92       65.91       65.89    
        65.87       65.85       65.83       65.80       65.78       65.75       65.72       65.69       65.65       65.62    
        65.58       65.54       65.50       65.46       65.41       65.36       65.31       65.26       65.21       65.16    
        65.10       65.04       64.98       64.92       64.85       64.79       64.72       64.65       64.58       64.50    
        64.43       64.35       64.27       64.19       64.10       64.01       63.93       63.84       63.74       63.65    
        63.55       63.45       63.35       63.25       63.14       63.04       62.93       62.82       62.70       62.58    
        62.47       62.34       62.22       62.09       61.97       61.83       61.70       61.56       61.42       61.28    
        61.13       60.98       60.83       60.68       60.52       60.35       60.18       60.01       59.83       59.65    
        59.46       59.27       59.07       58.86       58.66       58.45       58.24       58.04       57.86       57.70    
        57.59       57.51       57.47       57.46       57.46       57.48       57.49       57.50       57.51       57.52    
  36    65.97       65.97       65.97       65.96       65.95       65.95       65.93       65.92       65.91       65.89    
        65.87       65.85       65.83       65.80       65.78       65.75       65.72       65.69       65.65       65.62    
        65.58       65.54       65.50       65.45       65.41       65.36       65.31       65.26       65.21       65.15    
        65.10       65.04       64.98       64.92       64.85       64.78       64.72       64.65       64.57       64.50    
        64.42       64.34       64.26       64.18       64.10       64.01       63.92       63.83       63.74       63.64    
        63.55       63.45       63.34       63.24       63.13       63.03       62.92       62.80       62.69       62.57    
        62.45       62.33       62.20       62.08       61.95       61.81       61.68       61.54       61.40       61.25    
        61.10       60.95       60.79       60.63       60.47       60.30       60.13       59.95       59.76       59.57    
        59.37       59.17       58.95       58.73       58.50       58.27       58.03       57.80       57.58       57.40    
        57.27       57.20       57.19       57.21       57.24       57.28       57.32       57.35       57.37       57.38    
  37    65.97       65.97       65.97       65.96       65.95       65.94       65.93       65.92       65.90       65.89    
        65.87       65.85       65.83       65.80       65.78       65.75       65.72       65.68       65.65       65.62    
        65.58       65.54       65.50       65.45       65.41       65.36       65.31       65.26       65.21       65.15    
        65.10       65.04       64.98       64.91       64.85       64.78       64.71       64.64       64.57       64.49    
        64.42       64.34       64.26       64.18       64.09       64.00       63.92       63.82       63.73       63.64    
        63.54       63.44       63.34       63.23       63.13       63.02       62.91       62.79       62.68       62.56    
        62.44       62.31       62.19       62.06       61.93       61.79       61.66       61.51       61.37       61.22    
        61.07       60.92       60.76       60.59       60.43       60.25       60.07       59.89       59.70       59.50    
        59.29       59.07       58.84       58.60       58.34       58.08       57.80       57.52       57.25       57.02    
        56.87       56.82       56.85       56.92       57.01       57.08       57.15       57.20       57.23       57.24    
  38    65.97       65.97       65.97       65.96       65.95       65.94       65.93       65.92       65.90       65.89    
        65.87       65.85       65.83       65.80       65.77       65.75       65.72       65.68       65.65       65.61    
        65.58       65.54       65.50       65.45       65.41       65.36       65.31       65.26       65.21       65.15    
        65.09       65.03       64.97       64.91       64.85       64.78       64.71       64.64       64.57       64.49    
        64.41       64.34       64.25       64.17       64.09       64.00       63.91       63.82       63.73       63.63    
        63.53       63.43       63.33       63.22       63.12       63.01       62.90       62.78       62.66       62.55    
        62.42       62.30       62.17       62.04       61.91       61.77       61.63       61.49       61.35       61.20    
        61.04       60.88       60.72       60.56       60.38       60.21       60.02       59.83       59.63       59.42    
        59.20       58.97       58.73       58.47       58.18       57.88       57.55       57.21       56.86       56.54    
        56.34       56.34       56.46       56.61       56.75       56.87       56.97       57.04       57.09       57.11    
  39    65.97       65.97       65.97       65.96       65.95       65.94       65.93       65.92       65.90       65.89    
        65.87       65.85       65.82       65.80       65.77       65.75       65.72       65.68       65.65       65.61    
        65.58       65.54       65.49       65.45       65.40       65.36       65.31       65.26       65.20       65.15    
        65.09       65.03       64.97       64.91       64.84       64.78       64.71       64.64       64.56       64.49    
        64.41       64.33       64.25       64.17       64.08       63.99       63.91       63.81       63.72       63.62    
        63.52       63.42       63.32       63.22       63.11       63.00       62.89       62.77       62.65       62.53    
        62.41       62.29       62.16       62.03       61.89       61.75       61.61       61.47       61.32       61.17    
        61.01       60.85       60.69       60.52       60.34       60.16       59.97       59.77       59.57       59.35    
        59.12       58.88       58.62       58.34       58.03       57.69       57.31       56.88       56.40       55.91    
        55.57       55.71       56.00       56.27       56.50       56.67       56.80       56.89       56.95       56.98    
  40    65.97       65.97       65.97       65.96       65.95       65.94       65.93       65.92       65.90       65.89    
        65.87       65.85       65.82       65.80       65.77       65.74       65.71       65.68       65.65       65.61    
        65.57       65.53       65.49       65.45       65.40       65.36       65.31       65.26       65.20       65.15    
        65.09       65.03       64.97       64.91       64.84       64.77       64.70       64.63       64.56       64.49    
        64.41       64.33       64.25       64.16       64.08       63.99       63.90       63.81       63.71       63.62    
        63.52       63.42       63.31       63.21       63.10       62.99       62.88       62.76       62.64       62.52    
        62.40       62.27       62.14       62.01       61.88       61.74       61.59       61.45       61.30       61.15    
        60.99       60.82       60.66       60.48       60.30       60.12       59.92       59.72       59.51       59.29    
        59.05       58.79       58.52       58.22       57.89       57.52       57.09       56.57       55.92       55.10    
        54.29       54.90       55.51       55.96       56.27       56.49       56.65       56.76       56.83       56.86    
  41    65.97       65.97       65.96       65.96       65.95       65.94       65.93       65.92       65.90       65.89    
        65.87       65.85       65.82       65.80       65.77       65.74       65.71       65.68       65.65       65.61    
        65.57       65.53       65.49       65.45       65.40       65.35       65.31       65.25       65.20       65.15    
        65.09       65.03       64.97       64.90       64.84       64.77       64.70       64.63       64.56       64.48    
        64.41       64.33       64.24       64.16       64.07       63.99       63.90       63.80       63.71       63.61    
        63.51       63.41       63.31       63.20       63.09       62.98       62.87       62.75       62.63       62.51    
        62.39       62.26       62.13       62.00       61.86       61.72       61.58       61.43       61.28       61.12    
        60.96       60.80       60.63       60.45       60.27       60.08       59.88       59.67       59.45       59.22    
        58.98       58.72       58.44       58.13       57.78       57.39       56.93       56.35       55.56       54.27    
        51.93       54.07       55.15       55.74       56.11       56.35       56.53       56.65       56.72       56.76    
  42    65.97       65.97       65.96       65.96       65.95       65.94       65.93       65.92       65.90       65.88    
        65.87       65.85       65.82       65.80       65.77       65.74       65.71       65.68       65.65       65.61    
        65.57       65.53       65.49       65.45       65.40       65.35       65.30       65.25       65.20       65.14    
        65.09       65.03       64.97       64.90       64.84       64.77       64.70       64.63       64.56       64.48    
        64.40       64.32       64.24       64.16       64.07       63.98       63.89       63.80       63.70       63.61    
        63.51       63.41       63.30       63.20       63.09       62.98       62.86       62.74       62.62       62.50    
        62.38       62.25       62.12       61.98       61.85       61.70       61.56       61.41       61.26       61.10    
        60.94       60.77       60.60       60.42       60.23       60.04       59.84       59.63       59.40       59.17    
        58.92       58.65       58.36       58.05       57.70       57.31       56.86       56.32       55.66       54.83    
        54.02       54.63       55.24       55.70       56.03       56.26       56.43       56.55       56.63       56.67    
  43    65.97       65.97       65.96       65.96       65.95       65.94       65.93       65.92       65.90       65.88    
        65.87       65.84       65.82       65.80       65.77       65.74       65.71       65.68       65.65       65.61    
        65.57       65.53       65.49       65.45       65.40       65.35       65.30       65.25       65.20       65.14    
        65.09       65.03       64.96       64.90       64.84       64.77       64.70       64.63       64.55       64.48    
        64.40       64.32       64.24       64.15       64.07       63.98       63.89       63.80       63.70       63.60    
        63.50       63.40       63.30       63.19       63.08       62.97       62.85       62.74       62.62       62.49    
        62.37       62.24       62.11       61.97       61.83       61.69       61.54       61.39       61.24       61.08    
        60.92       60.75       60.57       60.39       60.20       60.01       59.80       59.59       59.36       59.12    
        58.87       58.59       58.30       57.99       57.64       57.26       56.85       56.38       55.87       55.37    
        55.01       55.16       55.46       55.76       56.01       56.21       56.37       56.48       56.55       56.59    
  44    65.97       65.97       65.96       65.96       65.95       65.94       65.93       65.92       65.90       65.88    
        65.86       65.84       65.82       65.80       65.77       65.74       65.71       65.68       65.65       65.61    
        65.57       65.53       65.49       65.45       65.40       65.35       65.30       65.25       65.20       65.14    
        65.08       65.02       64.96       64.90       64.83       64.77       64.70       64.63       64.55       64.48    
        64.40       64.32       64.24       64.15       64.07       63.98       63.89       63.79       63.70       63.60    
        63.50       63.40       63.29       63.18       63.07       62.96       62.85       62.73       62.61       62.49    
        62.36       62.23       62.10       61.96       61.82       61.68       61.53       61.38       61.22       61.06    
        60.90       60.73       60.55       60.37       60.18       59.98       59.77       59.55       59.32       59.08    
        58.82       58.54       58.25       57.94       57.60       57.24       56.85       56.45       56.05       55.70    
        55.48       55.49       55.63       55.82       56.01       56.18       56.31       56.42       56.49       56.53    
  45    65.97       65.97       65.96       65.96       65.95       65.94       65.93       65.92       65.90       65.88    
        65.86       65.84       65.82       65.80       65.77       65.74       65.71       65.68       65.64       65.61    
        65.57       65.53       65.49       65.44       65.40       65.35       65.30       65.25       65.20       65.14    
        65.08       65.02       64.96       64.90       64.83       64.76       64.70       64.62       64.55       64.47    
        64.40       64.32       64.23       64.15       64.06       63.97       63.88       63.79       63.69       63.60    
        63.50       63.39       63.29       63.18       63.07       62.96       62.84       62.72       62.60       62.48    
        62.35       62.22       62.09       61.95       61.81       61.67       61.52       61.37       61.21       61.05    
        60.88       60.71       60.53       60.34       60.15       59.95       59.74       59.52       59.29       59.04    
        58.78       58.50       58.21       57.89       57.56       57.21       56.84       56.48       56.14       55.86    
        55.68       55.65       55.72       55.85       56.00       56.14       56.27       56.37       56.43       56.47    
  46    65.97       65.97       65.96       65.96       65.95       65.94       65.93       65.92       65.90       65.88    
        65.86       65.84       65.82       65.80       65.77       65.74       65.71       65.68       65.64       65.61    
        65.57       65.53       65.49       65.44       65.40       65.35       65.30       65.25       65.20       65.14    
        65.08       65.02       64.96       64.90       64.83       64.76       64.69       64.62       64.55       64.47    
        64.39       64.31       64.23       64.15       64.06       63.97       63.88       63.79       63.69       63.59    
        63.49       63.39       63.28       63.18       63.07       62.95       62.84       62.72       62.60       62.47    
        62.35       62.21       62.08       61.94       61.80       61.66       61.51       61.36       61.20       61.03    
        60.87       60.69       60.51       60.33       60.13       59.93       59.71       59.49       59.26       59.01    
        58.74       58.46       58.17       57.85       57.52       57.17       56.81       56.46       56.13       55.87    
        55.71       55.66       55.71       55.83       55.96       56.10       56.22       56.32       56.39       56.42    
  47    65.97       65.97       65.96       65.96       65.95       65.94       65.93       65.91       65.90       65.88    
        65.86       65.84       65.82       65.80       65.77       65.74       65.71       65.68       65.64       65.61    
        65.57       65.53       65.49       65.44       65.40       65.35       65.30       65.25       65.19       65.14    
        65.08       65.02       64.96       64.90       64.83       64.76       64.69       64.62       64.55       64.47    
        64.39       64.31       64.23       64.15       64.06       63.97       63.88       63.78       63.69       63.59    
        63.49       63.39       63.28       63.17       63.06       62.95       62.83       62.71       62.59       62.47    
        62.34       62.21       62.07       61.94       61.79       61.65       61.50       61.35       61.19       61.02    
        60.85       60.68       60.50       60.31       60.11       59.91       59.69       59.47       59.23       58.98    
        58.71       58.43       58.13       57.81       57.47       57.12       56.75       56.38       56.03       55.75    
        55.58       55.54       55.61       55.74       55.90       56.04       56.17       56.27       56.34       56.38    
  48    65.97       65.97       65.96       65.96       65.95       65.94       65.93       65.91       65.90       65.88    
        65.86       65.84       65.82       65.80       65.77       65.74       65.71       65.68       65.64       65.61    
        65.57       65.53       65.49       65.44       65.40       65.35       65.30       65.25       65.19       65.14    
        65.08       65.02       64.96       64.90       64.83       64.76       64.69       64.62       64.55       64.47    
        64.39       64.31       64.23       64.14       64.06       63.97       63.88       63.78       63.69       63.59    
        63.49       63.38       63.28       63.17       63.06       62.95       62.83       62.71       62.59       62.46    
        62.34       62.20       62.07       61.93       61.79       61.64       61.49       61.34       61.18       61.02    
        60.85       60.67       60.49       60.30       60.10       59.89       59.68       59.45       59.21       58.96    
        58.69       58.40       58.10       57.77       57.42       57.05       56.65       56.24       55.84       55.48    
        55.26       55.27       55.42       55.61       55.80       55.97       56.12       56.23       56.30       56.34    
  49    65.97       65.97       65.96       65.96       65.95       65.94       65.93       65.91       65.90       65.88    
        65.86       65.84       65.82       65.79       65.77       65.74       65.71       65.68       65.64       65.61    
        65.57       65.53       65.49       65.44       65.40       65.35       65.30       65.25       65.19       65.14    
        65.08       65.02       64.96       64.89       64.83       64.76       64.69       64.62       64.55       64.47    
        64.39       64.31       64.23       64.14       64.06       63.97       63.88       63.78       63.69       63.59    
        63.49       63.38       63.28       63.17       63.06       62.94       62.83       62.71       62.59       62.46    
        62.33       62.20       62.07       61.93       61.78       61.64       61.49       61.33       61.17       61.01    
        60.84       60.66       60.48       60.29       60.09       59.88       59.67       59.44       59.20       58.94    
        58.67       58.38       58.07       57.74       57.38       56.98       56.55       56.07       55.55       55.04    
        54.68       54.83       55.13       55.43       55.69       55.91       56.07       56.19       56.27       56.31    
  50    65.97       65.97       65.96       65.96       65.95       65.94       65.93       65.91       65.90       65.88    
        65.86       65.84       65.82       65.79       65.77       65.74       65.71       65.68       65.64       65.61    
        65.57       65.53       65.49       65.44       65.40       65.35       65.30       65.25       65.19       65.14    
        65.08       65.02       64.96       64.89       64.83       64.76       64.69       64.62       64.54       64.47    
        64.39       64.31       64.23       64.14       64.06       63.97       63.87       63.78       63.68       63.59    
        63.48       63.38       63.28       63.17       63.06       62.94       62.83       62.71       62.58       62.46    
        62.33       62.20       62.06       61.92       61.78       61.64       61.49       61.33       61.17       61.00    
        60.83       60.66       60.47       60.28       60.08       59.88       59.66       59.43       59.19       58.93    
        58.66       58.37       58.06       57.72       57.34       56.93       56.46       55.90       55.22       54.38    
        53.56       54.17       54.80       55.26       55.60       55.85       56.03       56.17       56.25       56.29    
  51    65.97       65.97       65.96       65.96       65.95       65.94       65.93       65.91       65.90       65.88    
        65.86       65.84       65.82       65.79       65.77       65.74       65.71       65.68       65.64       65.61    
        65.57       65.53       65.49       65.44       65.40       65.35       65.30       65.25       65.19       65.14    
        65.08       65.02       64.96       64.89       64.83       64.76       64.69       64.62       64.54       64.47    
        64.39       64.31       64.23       64.14       64.05       63.97       63.87       63.78       63.68       63.59    
        63.48       63.38       63.28       63.17       63.06       62.94       62.83       62.71       62.58       62.46    
        62.33       62.20       62.06       61.92       61.78       61.63       61.48       61.33       61.17       61.00    
        60.83       60.66       60.47       60.28       60.08       59.87       59.66       59.43       59.19       58.93    
        58.66       58.37       58.05       57.71       57.33       56.91       56.42       55.81       54.99       53.69    
        51.35       53.48       54.57       55.17       55.56       55.83       56.02       56.16       56.24       56.29    
  52    65.97       65.97       65.96       65.96       65.95       65.94       65.93       65.91       65.90       65.88    
        65.86       65.84       65.82       65.79       65.77       65.74       65.71       65.68       65.64       65.61    
        65.57       65.53       65.49       65.44       65.40       65.35       65.30       65.25       65.19       65.14    
        65.08       65.02       64.96       64.89       64.83       64.76       64.69       64.62       64.54       64.47    
        64.39       64.31       64.23       64.14       64.05       63.97       63.87       63.78       63.68       63.59    
        63.48       63.38       63.28       63.17       63.06       62.94       62.83       62.71       62.58       62.46    
        62.33       62.20       62.06       61.92       61.78       61.64       61.48       61.33       61.17       61.00    
        60.83       60.66       60.47       60.28       60.08       59.88       59.66       59.43       59.19       58.93    
        58.66       58.37       58.06       57.72       57.34       56.93       56.46       55.90       55.22       54.38    
        53.56       54.17       54.80       55.26       55.60       55.85       56.03       56.17       56.25       56.29    
  53    65.97       65.96       65.96       65.96       65.95       65.94       65.93       65.91       65.90       65.88    
        65.86       65.84       65.82       65.79       65.77       65.74       65.71       65.68       65.64       65.61    
        65.57       65.53       65.49       65.44       65.40       65.35       65.30       65.25       65.19       65.14    
        65.08       65.02       64.96       64.89       64.83       64.76       64.69       64.62       64.54       64.47    
        64.39       64.31       64.23       64.14       64.06       63.97       63.87       63.78       63.68       63.59    
        63.49       63.38       63.28       63.17       63.06       62.94       62.83       62.71       62.59       62.46    
        62.33       62.20       62.07       61.93       61.78       61.64       61.49       61.33       61.17       61.01    
        60.84       60.66       60.48       60.29       60.09       59.88       59.67       59.44       59.20       58.94    
        58.67       58.38       58.07       57.74       57.38       56.98       56.55       56.07       55.55       55.04    
        54.68       54.83       55.13       55.43       55.69       55.90       56.07       56.19       56.27       56.31    
  54    65.97       65.96       65.96       65.96       65.95       65.94       65.93       65.91       65.90       65.88    
        65.86       65.84       65.82       65.79       65.77       65.74       65.71       65.68       65.64       65.61    
        65.57       65.53       65.49       65.44       65.40       65.35       65.30       65.25       65.19       65.14    
        65.08       65.02       64.96       64.89       64.83       64.76       64.69       64.62       64.54       64.47    
        64.39       64.31       64.23       64.14       64.06       63.97       63.88       63.78       63.69       63.59    
        63.49       63.38       63.28       63.17       63.06       62.94       62.83       62.71       62.59       62.46    
        62.33       62.20       62.07       61.93       61.79       61.64       61.49       61.34       61.18       61.01    
        60.84       60.67       60.49       60.30       60.10       59.89       59.68       59.45       59.21       58.96    
        58.69       58.40       58.10       57.77       57.42       57.05       56.65       56.24       55.84       55.48    
        55.26       55.27       55.42       55.61       55.80       55.97       56.12       56.23       56.30       56.34    
  55    65.97       65.97       65.96       65.96       65.95       65.94       65.93       65.91       65.90       65.88    
        65.86       65.84       65.82       65.79       65.77       65.74       65.71       65.68       65.64       65.61    
        65.57       65.53       65.49       65.44       65.40       65.35       65.30       65.25       65.19       65.14    
        65.08       65.02       64.96       64.89       64.83       64.76       64.69       64.62       64.55       64.47    
        64.39       64.31       64.23       64.14       64.06       63.97       63.88       63.78       63.69       63.59    
        63.49       63.39       63.28       63.17       63.06       62.95       62.83       62.71       62.59       62.47    
        62.34       62.21       62.07       61.94       61.79       61.65       61.50       61.34       61.19       61.02    
        60.85       60.68       60.50       60.31       60.11       59.91       59.69       59.47       59.23       58.98    
        58.71       58.43       58.13       57.81       57.47       57.11       56.75       56.38       56.03       55.75    
        55.57       55.54       55.61       55.74       55.90       56.04       56.17       56.27       56.34       56.38    
  56    65.97       65.97       65.96       65.96       65.95       65.94       65.93       65.91       65.90       65.88    
        65.86       65.84       65.82       65.79       65.77       65.74       65.71       65.68       65.64       65.61    
        65.57       65.53       65.49       65.44       65.40       65.35       65.30       65.25       65.19       65.14    
        65.08       65.02       64.96       64.90       64.83       64.76       64.69       64.62       64.55       64.47    
        64.39       64.31       64.23       64.15       64.06       63.97       63.88       63.78       63.69       63.59    
        63.49       63.39       63.28       63.17       63.06       62.95       62.84       62.72       62.60       62.47    
        62.34       62.21       62.08       61.94       61.80       61.66       61.51       61.35       61.20       61.03    
        60.86       60.69       60.51       60.32       60.13       59.93       59.71       59.49       59.25       59.01    
        58.74       58.46       58.17       57.85       57.52       57.17       56.81       56.46       56.13       55.87    
        55.71       55.66       55.71       55.83       55.96       56.10       56.22       56.32       56.38       56.42    
  57    65.97       65.97       65.96       65.96       65.95       65.94       65.93       65.91       65.90       65.88    
        65.86       65.84       65.82       65.79       65.77       65.74       65.71       65.68       65.64       65.61    
        65.57       65.53       65.49       65.44       65.40       65.35       65.30       65.25       65.19       65.14    
        65.08       65.02       64.96       64.90       64.83       64.76       64.69       64.62       64.55       64.47    
        64.39       64.31       64.23       64.15       64.06       63.97       63.88       63.79       63.69       63.59    
        63.49       63.39       63.29       63.18       63.07       62.96       62.84       62.72       62.60       62.48    
        62.35       62.22       62.09       61.95       61.81       61.66       61.52       61.36       61.21       61.05    
        60.88       60.71       60.53       60.34       60.15       59.95       59.74       59.52       59.28       59.04    
        58.78       58.50       58.21       57.89       57.56       57.21       56.84       56.48       56.14       55.86    
        55.68       55.65       55.72       55.85       56.00       56.14       56.27       56.37       56.43       56.47    
  58    65.97       65.97       65.96       65.96       65.95       65.94       65.93       65.91       65.90       65.88    
        65.86       65.84       65.82       65.79       65.77       65.74       65.71       65.68       65.64       65.61    
        65.57       65.53       65.49       65.44       65.40       65.35       65.30       65.25       65.20       65.14    
        65.08       65.02       64.96       64.90       64.83       64.76       64.69       64.62       64.55       64.47    
        64.40       64.32       64.23       64.15       64.06       63.97       63.88       63.79       63.69       63.60    
        63.50       63.39       63.29       63.18       63.07       62.96       62.84       62.73       62.61       62.48    
        62.36       62.23       62.09       61.96       61.82       61.68       61.53       61.38       61.22       61.06    
        60.90       60.72       60.55       60.36       60.17       59.97       59.77       59.55       59.32       59.07    
        58.82       58.54       58.25       57.93       57.60       57.23       56.85       56.45       56.05       55.70    
        55.48       55.49       55.63       55.82       56.01       56.18       56.31       56.42       56.49       56.52    
  59    65.97       65.97       65.96       65.96       65.95       65.94       65.93       65.91       65.90       65.88    
        65.86       65.84       65.82       65.80       65.77       65.74       65.71       65.68       65.64       65.61    
        65.57       65.53       65.49       65.44       65.40       65.35       65.30       65.25       65.20       65.14    
        65.08       65.02       64.96       64.90       64.83       64.77       64.70       64.62       64.55       64.48    
        64.40       64.32       64.24       64.15       64.07       63.98       63.89       63.79       63.70       63.60    
        63.50       63.40       63.29       63.19       63.08       62.97       62.85       62.73       62.61       62.49    
        62.36       62.24       62.10       61.97       61.83       61.69       61.54       61.39       61.24       61.08    
        60.91       60.75       60.57       60.39       60.20       60.00       59.80       59.58       59.36       59.12    
        58.86       58.59       58.30       57.98       57.64       57.26       56.84       56.38       55.87       55.36    
        55.01       55.16       55.46       55.76       56.01       56.21       56.37       56.48       56.55       56.59    
  60    65.97       65.97       65.96       65.96       65.95       65.94       65.93       65.91       65.90       65.88    
        65.86       65.84       65.82       65.80       65.77       65.74       65.71       65.68       65.64       65.61    
        65.57       65.53       65.49       65.44       65.40       65.35       65.30       65.25       65.20       65.14    
        65.08       65.02       64.96       64.90       64.83       64.77       64.70       64.63       64.55       64.48    
        64.40       64.32       64.24       64.15       64.07       63.98       63.89       63.80       63.70       63.60    
        63.50       63.40       63.30       63.19       63.08       62.97       62.86       62.74       62.62       62.50    
        62.37       62.25       62.11       61.98       61.84       61.70       61.56       61.41       61.25       61.10    
        60.94       60.77       60.60       60.42       60.23       60.04       59.84       59.62       59.40       59.17    
        58.92       58.65       58.36       58.05       57.70       57.31       56.86       56.32       55.65       54.83    
        54.02       54.63       55.24       55.70       56.03       56.26       56.43       56.55       56.63       56.67    
  61    65.97       65.97       65.96       65.96       65.95       65.94       65.93       65.92       65.90       65.88    
        65.86       65.84       65.82       65.80       65.77       65.74       65.71       65.68       65.64       65.61    
        65.57       65.53       65.49       65.45       65.40       65.35       65.30       65.25       65.20       65.14    
        65.09       65.03       64.96       64.90       64.84       64.77       64.70       64.63       64.55       64.48    
        64.40       64.32       64.24       64.16       64.07       63.98       63.89       63.80       63.71       63.61    
        63.51       63.41       63.30       63.20       63.09       62.98       62.86       62.75       62.63       62.51    
        62.38       62.26       62.13       61.99       61.86       61.72       61.57       61.43       61.27       61.12    
        60.96       60.79       60.62       60.45       60.26       60.07       59.88       59.67       59.45       59.22    
        58.98       58.72       58.43       58.12       57.78       57.39       56.93       56.35       55.55       54.27    
        51.93       54.07       55.15       55.74       56.10       56.35       56.53       56.65       56.72       56.76    
  62    65.97       65.97       65.96       65.96       65.95       65.94       65.93       65.92       65.90       65.88    
        65.86       65.84       65.82       65.80       65.77       65.74       65.71       65.68       65.65       65.61    
        65.57       65.53       65.49       65.45       65.40       65.35       65.30       65.25       65.20       65.14    
        65.09       65.03       64.97       64.90       64.84       64.77       64.70       64.63       64.56       64.48    
        64.40       64.33       64.24       64.16       64.07       63.99       63.90       63.80       63.71       63.61    
        63.51       63.41       63.31       63.20       63.10       62.99       62.87       62.76       62.64       62.52    
        62.39       62.27       62.14       62.01       61.87       61.73       61.59       61.44       61.30       61.14    
        60.98       60.82       60.65       60.48       60.30       60.11       59.92       59.72       59.51       59.28    
        59.04       58.79       58.52       58.22       57.89       57.52       57.09       56.56       55.91       55.10    
        54.29       54.90       55.51       55.95       56.27       56.49       56.65       56.76       56.83       56.86    
  63    65.97       65.97       65.96       65.96       65.95       65.94       65.93       65.92       65.90       65.88    
        65.86       65.84       65.82       65.80       65.77       65.74       65.71       65.68       65.65       65.61    
        65.57       65.53       65.49       65.45       65.40       65.35       65.30       65.25       65.20       65.15    
        65.09       65.03       64.97       64.90       64.84       64.77       64.70       64.63       64.56       64.48    
        64.41       64.33       64.25       64.16       64.08       63.99       63.90       63.81       63.72       63.62    
        63.52       63.42       63.32       63.21       63.10       62.99       62.88       62.77       62.65       62.53    
        62.41       62.28       62.15       62.02       61.89       61.75       61.61       61.47       61.32       61.17    
        61.01       60.85       60.68       60.51       60.34       60.16       59.97       59.77       59.56       59.35    
        59.12       58.88       58.62       58.34       58.03       57.69       57.31       56.88       56.40       55.91    
        55.57       55.71       56.00       56.27       56.50       56.67       56.80       56.89       56.95       56.98    
  64    65.97       65.97       65.96       65.96       65.95       65.94       65.93       65.92       65.90       65.88    
        65.87       65.84       65.82       65.80       65.77       65.74       65.71       65.68       65.65       65.61    
        65.57       65.53       65.49       65.45       65.40       65.36       65.31       65.25       65.20       65.15    
        65.09       65.03       64.97       64.91       64.84       64.77       64.71       64.64       64.56       64.49    
        64.41       64.33       64.25       64.17       64.08       63.99       63.91       63.81       63.72       63.62    
        63.53       63.43       63.32       63.22       63.11       63.00       62.89       62.78       62.66       62.54    
        62.42       62.29       62.17       62.04       61.90       61.77       61.63       61.49       61.34       61.19    
        61.04       60.88       60.72       60.55       60.38       60.20       60.02       59.83       59.63       59.42    
        59.20       58.97       58.72       58.46       58.18       57.88       57.55       57.20       56.85       56.54    
        56.34       56.34       56.45       56.61       56.75       56.87       56.97       57.04       57.09       57.11    
  65    65.97       65.97       65.96       65.96       65.95       65.94       65.93       65.92       65.90       65.88    
        65.87       65.85       65.82       65.80       65.77       65.74       65.71       65.68       65.65       65.61    
        65.57       65.53       65.49       65.45       65.40       65.36       65.31       65.26       65.20       65.15    
        65.09       65.03       64.97       64.91       64.84       64.78       64.71       64.64       64.56       64.49    
        64.41       64.33       64.25       64.17       64.09       64.00       63.91       63.82       63.73       63.63    
        63.53       63.43       63.33       63.23       63.12       63.01       62.90       62.79       62.67       62.55    
        62.43       62.31       62.18       62.05       61.92       61.79       61.65       61.51       61.37       61.22    
        61.07       60.91       60.75       60.59       60.42       60.25       60.07       59.88       59.69       59.49    
        59.28       59.07       58.84       58.59       58.34       58.07       57.80       57.51       57.25       57.02    
        56.87       56.82       56.85       56.92       57.00       57.08       57.14       57.19       57.23       57.24    
  66    65.97       65.97       65.96       65.96       65.95       65.94       65.93       65.92       65.90       65.89    
        65.87       65.85       65.82       65.80       65.77       65.74       65.71       65.68       65.65       65.61    
        65.57       65.54       65.49       65.45       65.40       65.36       65.31       65.26       65.20       65.15    
        65.09       65.03       64.97       64.91       64.85       64.78       64.71       64.64       64.57       64.49    
        64.42       64.34       64.26       64.18       64.09       64.00       63.92       63.82       63.73       63.64    
        63.54       63.44       63.34       63.24       63.13       63.02       62.91       62.80       62.68       62.57    
        62.45       62.32       62.20       62.07       61.94       61.81       61.67       61.53       61.39       61.25    
        61.10       60.95       60.79       60.63       60.47       60.30       60.12       59.94       59.76       59.57    
        59.37       59.16       58.95       58.73       58.50       58.26       58.03       57.79       57.58       57.39    
        57.27       57.20       57.19       57.20       57.24       57.28       57.32       57.35       57.37       57.38    
  67    65.97       65.97       65.96       65.96       65.95       65.94       65.93       65.92       65.90       65.89    
        65.87       65.85       65.82       65.80       65.77       65.74       65.71       65.68       65.65       65.61    
        65.58       65.54       65.49       65.45       65.41       65.36       65.31       65.26       65.21       65.15    
        65.09       65.04       64.98       64.91       64.85       64.78       64.71       64.64       64.57       64.50    
        64.42       64.34       64.26       64.18       64.10       64.01       63.92       63.83       63.74       63.64    
        63.55       63.45       63.35       63.24       63.14       63.03       62.92       62.81       62.69       62.58    
        62.46       62.34       62.21       62.09       61.96       61.83       61.69       61.56       61.42       61.27    
        61.13       60.98       60.83       60.67       60.51       60.35       60.18       60.00       59.83       59.64    
        59.46       59.26       59.06       58.86       58.65       58.44       58.23       58.04       57.85       57.70    
        57.58       57.51       57.47       57.45       57.46       57.47       57.49       57.50       57.51       57.52    
  68    65.97       65.97       65.96       65.96       65.95       65.94       65.93       65.92       65.90       65.89    
        65.87       65.85       65.82       65.80       65.77       65.75       65.72       65.68       65.65       65.61    
        65.58       65.54       65.50       65.45       65.41       65.36       65.31       65.26       65.21       65.15    
        65.10       65.04       64.98       64.92       64.85       64.78       64.72       64.65       64.57       64.50    
        64.42       64.35       64.27       64.18       64.10       64.01       63.93       63.84       63.74       63.65    
        63.55       63.46       63.35       63.25       63.15       63.04       62.93       62.82       62.71       62.59    
        62.47       62.35       62.23       62.11       61.98       61.85       61.72       61.58       61.44       61.30    
        61.16       61.01       60.86       60.71       60.56       60.40       60.23       60.07       59.90       59.72    
        59.54       59.36       59.17       58.99       58.80       58.61       58.42       58.25       58.09       57.95    
        57.84       57.76       57.70       57.67       57.66       57.65       57.65       57.65       57.65       57.65    
  69    65.97       65.97       65.97       65.96       65.95       65.94       65.93       65.92       65.90       65.89    
        65.87       65.85       65.83       65.80       65.77       65.75       65.72       65.68       65.65       65.62    
        65.58       65.54       65.50       65.45       65.41       65.36       65.31       65.26       65.21       65.15    
        65.10       65.04       64.98       64.92       64.85       64.79       64.72       64.65       64.58       64.50    
        64.43       64.35       64.27       64.19       64.10       64.02       63.93       63.84       63.75       63.66    
        63.56       63.46       63.36       63.26       63.16       63.05       62.94       62.83       62.72       62.61    
        62.49       62.37       62.25       62.12       62.00       61.87       61.74       61.61       61.47       61.33    
        61.19       61.05       60.90       60.75       60.60       60.45       60.29       60.13       59.96       59.80    
        59.63       59.45       59.28       59.10       58.93       58.76       58.59       58.43       58.29       58.16    
        58.06       57.97       57.91       57.86       57.83       57.81       57.80       57.79       57.78       57.78    
  70    65.97       65.97       65.97       65.96       65.95       65.94       65.93       65.92       65.90       65.89    
        65.87       65.85       65.83       65.80       65.78       65.75       65.72       65.69       65.65       65.62    
        65.58       65.54       65.50       65.46       65.41       65.36       65.31       65.26       65.21       65.16    
        65.10       65.04       64.98       64.92       64.86       64.79       64.72       64.65       64.58       64.51    
        64.43       64.35       64.27       64.19       64.11       64.02       63.94       63.85       63.76       63.66    
        63.57       63.47       63.37       63.27       63.17       63.06       62.95       62.84       62.73       62.62    
        62.50       62.39       62.27       62.14       62.02       61.89       61.76       61.63       61.50       61.36    
        61.22       61.08       60.94       60.79       60.65       60.49       60.34       60.19       60.03       59.87    
        59.71       59.54       59.38       59.22       59.05       58.89       58.74       58.60       58.46       58.34    
        58.24       58.16       58.09       58.03       57.99       57.96       57.93       57.91       57.90       57.90    
  71    65.97       65.97       65.97       65.96       65.95       65.94       65.93       65.92       65.90       65.89    
        65.87       65.85       65.83       65.80       65.78       65.75       65.72       65.69       65.65       65.62    
        65.58       65.54       65.50       65.46       65.41       65.36       65.32       65.27       65.21       65.16    
        65.10       65.04       64.98       64.92       64.86       64.79       64.73       64.66       64.58       64.51    
        64.44       64.36       64.28       64.20       64.12       64.03       63.94       63.85       63.76       63.67    
        63.58       63.48       63.38       63.28       63.18       63.07       62.97       62.86       62.75       62.63    
        62.52       62.40       62.28       62.16       62.04       61.91       61.79       61.66       61.53       61.39    
        61.26       61.12       60.98       60.83       60.69       60.54       60.39       60.24       60.09       59.94    
        59.78       59.63       59.47       59.32       59.17       59.02       58.88       58.74       58.61       58.50    
        58.40       58.31       58.24       58.18       58.13       58.09       58.06       58.03       58.02       58.01    
  72    65.97       65.97       65.97       65.96       65.95       65.94       65.93       65.92       65.91       65.89    
        65.87       65.85       65.83       65.80       65.78       65.75       65.72       65.69       65.65       65.62    
        65.58       65.54       65.50       65.46       65.41       65.37       65.32       65.27       65.21       65.16    
        65.10       65.05       64.99       64.93       64.86       64.80       64.73       64.66       64.59       64.51    
        64.44       64.36       64.28       64.20       64.12       64.04       63.95       63.86       63.77       63.68    
        63.58       63.49       63.39       63.29       63.19       63.08       62.98       62.87       62.76       62.65    
        62.53       62.42       62.30       62.18       62.06       61.94       61.81       61.68       61.55       61.42    
        61.29       61.15       61.01       60.87       60.73       60.59       60.45       60.30       60.15       60.01    
        59.86       59.71       59.56       59.41       59.27       59.13       58.99       58.87       58.75       58.64    
        58.54       58.45       58.37       58.31       58.25       58.21       58.17       58.14       58.12       58.11    
  73    65.97       65.97       65.97       65.96       65.95       65.95       65.93       65.92       65.91       65.89    
        65.87       65.85       65.83       65.80       65.78       65.75       65.72       65.69       65.65       65.62    
        65.58       65.54       65.50       65.46       65.41       65.37       65.32       65.27       65.22       65.16    
        65.11       65.05       64.99       64.93       64.86       64.80       64.73       64.66       64.59       64.52    
        64.44       64.37       64.29       64.21       64.13       64.04       63.96       63.87       63.78       63.69    
        63.59       63.50       63.40       63.30       63.20       63.09       62.99       62.88       62.77       62.66    
        62.55       62.43       62.32       62.20       62.08       61.96       61.83       61.71       61.58       61.45    
        61.32       61.19       61.05       60.91       60.78       60.64       60.50       60.35       60.21       60.07    
        59.93       59.78       59.64       59.50       59.36       59.23       59.10       58.98       58.86       58.76    
        58.66       58.57       58.49       58.42       58.36       58.32       58.27       58.24       58.22       58.21    
  74    65.97       65.97       65.97       65.96       65.96       65.95       65.93       65.92       65.91       65.89    
        65.87       65.85       65.83       65.80       65.78       65.75       65.72       65.69       65.66       65.62    
        65.58       65.54       65.50       65.46       65.42       65.37       65.32       65.27       65.22       65.16    
        65.11       65.05       64.99       64.93       64.87       64.80       64.73       64.67       64.59       64.52    
        64.45       64.37       64.29       64.21       64.13       64.05       63.96       63.87       63.78       63.69    
        63.60       63.50       63.41       63.31       63.21       63.11       63.00       62.89       62.79       62.68    
        62.56       62.45       62.34       62.22       62.10       61.98       61.86       61.73       61.61       61.48    
        61.35       61.22       61.09       60.95       60.82       60.68       60.54       60.41       60.27       60.13    
        59.99       59.85       59.72       59.58       59.45       59.32       59.20       59.08       58.97       58.86    
        58.77       58.68       58.60       58.53       58.47       58.41       58.37       58.33       58.31       58.30    
  75    65.97       65.97       65.97       65.96       65.96       65.95       65.94       65.92       65.91       65.89    
        65.87       65.85       65.83       65.81       65.78       65.75       65.72       65.69       65.66       65.62    
        65.58       65.55       65.50       65.46       65.42       65.37       65.32       65.27       65.22       65.17    
        65.11       65.05       64.99       64.93       64.87       64.80       64.74       64.67       64.60       64.53    
        64.45       64.38       64.30       64.22       64.14       64.05       63.97       63.88       63.79       63.70    
        63.61       63.51       63.42       63.32       63.22       63.12       63.01       62.91       62.80       62.69    
        62.58       62.47       62.35       62.24       62.12       62.00       61.88       61.76       61.63       61.51    
        61.38       61.25       61.12       60.99       60.86       60.72       60.59       60.46       60.32       60.19    
        60.05       59.92       59.79       59.66       59.53       59.41       59.29       59.17       59.06       58.96    
        58.86       58.77       58.69       58.62       58.55       58.50       58.45       58.42       58.39       58.38    
  76    65.97       65.97       65.97       65.96       65.96       65.95       65.94       65.92       65.91       65.89    
        65.87       65.85       65.83       65.81       65.78       65.75       65.72       65.69       65.66       65.62    
        65.59       65.55       65.51       65.46       65.42       65.37       65.32       65.27       65.22       65.17    
        65.11       65.06       65.00       64.94       64.87       64.81       64.74       64.67       64.60       64.53    
        64.46       64.38       64.30       64.22       64.14       64.06       63.97       63.89       63.80       63.71    
        63.62       63.52       63.43       63.33       63.23       63.13       63.02       62.92       62.81       62.70    
        62.59       62.48       62.37       62.26       62.14       62.02       61.90       61.78       61.66       61.53    
        61.41       61.28       61.15       61.03       60.90       60.77       60.63       60.50       60.37       60.24    
        60.11       59.98       59.85       59.73       59.60       59.48       59.36       59.25       59.14       59.04    
        58.95       58.86       58.78       58.70       58.64       58.58       58.53       58.49       58.46       58.45    
  77    65.98       65.97       65.97       65.96       65.96       65.95       65.94       65.92       65.91       65.89    
        65.87       65.85       65.83       65.81       65.78       65.75       65.72       65.69       65.66       65.62    
        65.59       65.55       65.51       65.46       65.42       65.37       65.33       65.28       65.22       65.17    
        65.12       65.06       65.00       64.94       64.88       64.81       64.74       64.68       64.61       64.53    
        64.46       64.38       64.31       64.23       64.15       64.06       63.98       63.89       63.80       63.71    
        63.62       63.53       63.43       63.34       63.24       63.14       63.04       62.93       62.83       62.72    
        62.61       62.50       62.39       62.27       62.16       62.04       61.92       61.80       61.68       61.56    
        61.44       61.31       61.19       61.06       60.93       60.80       60.68       60.55       60.42       60.29    
        60.16       60.04       59.91       59.79       59.67       59.55       59.43       59.32       59.22       59.12    
        59.02       58.93       58.85       58.78       58.71       58.65       58.60       58.56       58.53       58.51    
  78    65.98       65.97       65.97       65.96       65.96       65.95       65.94       65.92       65.91       65.89    
        65.87       65.85       65.83       65.81       65.78       65.75       65.72       65.69       65.66       65.63    
        65.59       65.55       65.51       65.47       65.42       65.38       65.33       65.28       65.23       65.17    
        65.12       65.06       65.00       64.94       64.88       64.81       64.75       64.68       64.61       64.54    
        64.46       64.39       64.31       64.23       64.15       64.07       63.99       63.90       63.81       63.72    
        63.63       63.54       63.44       63.35       63.25       63.15       63.05       62.94       62.84       62.73    
        62.62       62.51       62.40       62.29       62.18       62.06       61.94       61.83       61.71       61.59    
        61.46       61.34       61.22       61.09       60.97       60.84       60.72       60.59       60.46       60.34    
        60.21       60.09       59.97       59.85       59.73       59.61       59.50       59.39       59.29       59.19    
        59.09       59.00       58.92       58.84       58.77       58.71       58.66       58.62       58.59       58.57    
  79    65.98       65.97       65.97       65.97       65.96       65.95       65.94       65.92       65.91       65.89    
        65.88       65.85       65.83       65.81       65.78       65.76       65.73       65.69       65.66       65.63    
        65.59       65.55       65.51       65.47       65.42       65.38       65.33       65.28       65.23       65.17    
        65.12       65.06       65.00       64.94       64.88       64.82       64.75       64.68       64.61       64.54    
        64.47       64.39       64.32       64.24       64.16       64.08       63.99       63.91       63.82       63.73    
        63.64       63.55       63.45       63.36       63.26       63.16       63.06       62.96       62.85       62.75    
        62.64       62.53       62.42       62.31       62.19       62.08       61.96       61.85       61.73       61.61    
        61.49       61.37       61.25       61.12       61.00       60.88       60.75       60.63       60.51       60.38    
        60.26       60.14       60.02       59.90       59.78       59.67       59.56       59.45       59.35       59.25    
        59.15       59.06       58.98       58.90       58.83       58.77       58.72       58.67       58.64       58.63    
  80    65.98       65.98       65.97       65.97       65.96       65.95       65.94       65.93       65.91       65.89    
        65.88       65.86       65.83       65.81       65.78       65.76       65.73       65.70       65.66       65.63    
        65.59       65.55       65.51       65.47       65.42       65.38       65.33       65.28       65.23       65.18    
        65.12       65.07       65.01       64.95       64.88       64.82       64.75       64.69       64.62       64.55    
        64.47       64.40       64.32       64.24       64.16       64.08       64.00       63.91       63.82       63.74    
        63.65       63.55       63.46       63.36       63.27       63.17       63.07       62.97       62.86       62.76    
        62.65       62.54       62.44       62.32       62.21       62.10       61.98       61.87       61.75       61.63    
        61.52       61.40       61.28       61.15       61.03       60.91       60.79       60.67       60.54       60.42    
        60.30       60.18       60.06       59.95       59.83       59.72       59.61       59.50       59.40       59.30    
        59.21       59.12       59.03       58.96       58.88       58.82       58.77       58.72       58.69       58.68    
  81    65.98       65.98       65.97       65.97       65.96       65.95       65.94       65.93       65.91       65.89    
        65.88       65.86       65.83       65.81       65.78       65.76       65.73       65.70       65.66       65.63    
        65.59       65.55       65.51       65.47       65.43       65.38       65.33       65.28       65.23       65.18    
        65.12       65.07       65.01       64.95       64.89       64.82       64.76       64.69       64.62       64.55    
        64.48       64.40       64.33       64.25       64.17       64.09       64.00       63.92       63.83       63.74    
        63.65       63.56       63.47       63.37       63.28       63.18       63.08       62.98       62.88       62.77    
        62.67       62.56       62.45       62.34       62.23       62.12       62.00       61.89       61.77       61.66    
        61.54       61.42       61.30       61.18       61.06       60.94       60.82       60.70       60.58       60.46    
        60.34       60.22       60.11       59.99       59.88       59.77       59.66       59.55       59.45       59.35    
        59.26       59.17       59.08       59.00       58.93       58.87       58.81       58.77       58.74       58.72    
  82    65.98       65.98       65.97       65.97       65.96       65.95       65.94       65.93       65.91       65.90    
        65.88       65.86       65.83       65.81       65.79       65.76       65.73       65.70       65.66       65.63    
        65.59       65.55       65.51       65.47       65.43       65.38       65.33       65.29       65.23       65.18    
        65.13       65.07       65.01       64.95       64.89       64.83       64.76       64.69       64.62       64.55    
        64.48       64.41       64.33       64.25       64.17       64.09       64.01       63.92       63.84       63.75    
        63.66       63.57       63.48       63.38       63.29       63.19       63.09       62.99       62.89       62.78    
        62.68       62.57       62.46       62.36       62.25       62.13       62.02       61.91       61.79       61.68    
        61.56       61.45       61.33       61.21       61.09       60.97       60.85       60.73       60.62       60.50    
        60.38       60.26       60.15       60.03       59.92       59.81       59.70       59.60       59.50       59.40    
        59.30       59.21       59.13       59.05       58.98       58.91       58.86       58.81       58.78       58.76    
  83    65.98       65.98       65.97       65.97       65.96       65.95       65.94       65.93       65.91       65.90    
        65.88       65.86       65.84       65.81       65.79       65.76       65.73       65.70       65.67       65.63    
        65.59       65.56       65.52       65.47       65.43       65.38       65.34       65.29       65.24       65.18    
        65.13       65.07       65.01       64.95       64.89       64.83       64.76       64.70       64.63       64.56    
        64.48       64.41       64.33       64.26       64.18       64.10       64.01       63.93       63.84       63.76    
        63.67       63.58       63.48       63.39       63.29       63.20       63.10       63.00       62.90       62.79    
        62.69       62.59       62.48       62.37       62.26       62.15       62.04       61.93       61.81       61.70    
        61.58       61.47       61.35       61.23       61.12       61.00       60.88       60.76       60.65       60.53    
        60.41       60.30       60.18       60.07       59.96       59.85       59.74       59.64       59.54       59.44    
        59.34       59.25       59.17       59.09       59.01       58.95       58.89       58.85       58.81       58.80    
  84    65.98       65.98       65.97       65.97       65.96       65.95       65.94       65.93       65.91       65.90    
        65.88       65.86       65.84       65.81       65.79       65.76       65.73       65.70       65.67       65.63    
        65.59       65.56       65.52       65.47       65.43       65.38       65.34       65.29       65.24       65.18    
        65.13       65.07       65.02       64.96       64.89       64.83       64.77       64.70       64.63       64.56    
        64.49       64.41       64.34       64.26       64.18       64.10       64.02       63.93       63.85       63.76    
        63.67       63.58       63.49       63.40       63.30       63.21       63.11       63.01       62.91       62.81    
        62.70       62.60       62.49       62.38       62.28       62.17       62.06       61.94       61.83       61.72    
        61.60       61.49       61.37       61.26       61.14       61.03       60.91       60.79       60.68       60.56    
        60.45       60.33       60.22       60.11       60.00       59.89       59.78       59.67       59.57       59.47    
        59.38       59.29       59.20       59.12       59.05       58.98       58.93       58.88       58.85       58.83    
  85    65.98       65.98       65.97       65.97       65.96       65.95       65.94       65.93       65.91       65.90    
        65.88       65.86       65.84       65.81       65.79       65.76       65.73       65.70       65.67       65.63    
        65.60       65.56       65.52       65.48       65.43       65.39       65.34       65.29       65.24       65.19    
        65.13       65.08       65.02       64.96       64.90       64.83       64.77       64.70       64.63       64.56    
        64.49       64.42       64.34       64.26       64.19       64.11       64.02       63.94       63.85       63.77    
        63.68       63.59       63.50       63.41       63.31       63.21       63.12       63.02       62.92       62.82    
        62.71       62.61       62.50       62.40       62.29       62.18       62.07       61.96       61.85       61.74    
        61.62       61.51       61.40       61.28       61.17       61.05       60.93       60.82       60.70       60.59    
        60.48       60.36       60.25       60.14       60.03       59.92       59.81       59.71       59.61       59.51    
        59.41       59.32       59.24       59.15       59.08       59.01       58.96       58.91       58.88       58.86    
  86    65.98       65.98       65.97       65.97       65.96       65.95       65.94       65.93       65.91       65.90    
        65.88       65.86       65.84       65.81       65.79       65.76       65.73       65.70       65.67       65.63    
        65.60       65.56       65.52       65.48       65.43       65.39       65.34       65.29       65.24       65.19    
        65.13       65.08       65.02       64.96       64.90       64.84       64.77       64.70       64.64       64.57    
        64.49       64.42       64.35       64.27       64.19       64.11       64.03       63.95       63.86       63.77    
        63.69       63.60       63.50       63.41       63.32       63.22       63.13       63.03       62.93       62.83    
        62.72       62.62       62.52       62.41       62.30       62.20       62.09       61.98       61.87       61.75    
        61.64       61.53       61.42       61.30       61.19       61.07       60.96       60.84       60.73       60.62    
        60.50       60.39       60.28       60.17       60.06       59.95       59.84       59.74       59.64       59.54    
        59.44       59.35       59.26       59.18       59.11       59.04       58.98       58.94       58.90       58.88    
  87    65.98       65.98       65.98       65.97       65.96       65.95       65.94       65.93       65.91       65.90    
        65.88       65.86       65.84       65.81       65.79       65.76       65.73       65.70       65.67       65.63    
        65.60       65.56       65.52       65.48       65.43       65.39       65.34       65.29       65.24       65.19    
        65.14       65.08       65.02       64.96       64.90       64.84       64.77       64.71       64.64       64.57    
        64.50       64.42       64.35       64.27       64.19       64.11       64.03       63.95       63.87       63.78    
        63.69       63.60       63.51       63.42       63.33       63.23       63.13       63.04       62.94       62.84    
        62.73       62.63       62.53       62.42       62.32       62.21       62.10       61.99       61.88       61.77    
        61.66       61.55       61.43       61.32       61.21       61.09       60.98       60.87       60.75       60.64    
        60.53       60.41       60.30       60.19       60.08       59.98       59.87       59.77       59.66       59.57    
        59.47       59.38       59.29       59.21       59.13       59.07       59.01       58.96       58.93       58.91    
  88    65.98       65.98       65.98       65.97       65.96       65.95       65.94       65.93       65.92       65.90    
        65.88       65.86       65.84       65.82       65.79       65.76       65.73       65.70       65.67       65.63    
        65.60       65.56       65.52       65.48       65.44       65.39       65.34       65.29       65.24       65.19    
        65.14       65.08       65.02       64.96       64.90       64.84       64.78       64.71       64.64       64.57    
        64.50       64.43       64.35       64.28       64.20       64.12       64.04       63.95       63.87       63.78    
        63.70       63.61       63.52       63.43       63.33       63.24       63.14       63.04       62.95       62.85    
        62.74       62.64       62.54       62.43       62.33       62.22       62.11       62.00       61.90       61.79    
        61.67       61.56       61.45       61.34       61.23       61.11       61.00       60.89       60.77       60.66    
        60.55       60.44       60.33       60.22       60.11       60.00       59.89       59.79       59.69       59.59    
        59.49       59.40       59.32       59.23       59.16       59.09       59.03       58.98       58.95       58.93    
  89    65.98       65.98       65.98       65.97       65.96       65.95       65.94       65.93       65.92       65.90    
        65.88       65.86       65.84       65.82       65.79       65.76       65.73       65.70       65.67       65.64    
        65.60       65.56       65.52       65.48       65.44       65.39       65.34       65.30       65.24       65.19    
        65.14       65.08       65.02       64.97       64.90       64.84       64.78       64.71       64.64       64.57    
        64.50       64.43       64.36       64.28       64.20       64.12       64.04       63.96       63.87       63.79    
        63.70       63.61       63.52       63.43       63.34       63.24       63.15       63.05       62.95       62.85    
        62.75       62.65       62.55       62.44       62.34       62.23       62.13       62.02       61.91       61.80    
        61.69       61.58       61.47       61.35       61.24       61.13       61.02       60.91       60.79       60.68    
        60.57       60.46       60.35       60.24       60.13       60.02       59.92       59.81       59.71       59.61    
        59.52       59.42       59.34       59.25       59.18       59.11       59.05       59.00       58.97       58.95    
  90    65.98       65.98       65.98       65.97       65.96       65.95       65.94       65.93       65.92       65.90    
        65.88       65.86       65.84       65.82       65.79       65.76       65.73       65.70       65.67       65.64    
        65.60       65.56       65.52       65.48       65.44       65.39       65.35       65.30       65.25       65.19    
        65.14       65.08       65.03       64.97       64.91       64.84       64.78       64.71       64.65       64.58    
        64.51       64.43       64.36       64.28       64.20       64.13       64.04       63.96       63.88       63.79    
        63.71       63.62       63.53       63.44       63.34       63.25       63.15       63.06       62.96       62.86    
        62.76       62.66       62.56       62.45       62.35       62.24       62.14       62.03       61.92       61.81    
        61.70       61.59       61.48       61.37       61.26       61.15       61.03       60.92       60.81       60.70    
        60.59       60.48       60.37       60.26       60.15       60.04       59.94       59.83       59.73       59.63    
        59.54       59.44       59.36       59.27       59.20       59.13       59.07       59.02       58.98       58.96    
  91    65.98       65.98       65.98       65.97       65.96       65.96       65.94       65.93       65.92       65.90    
        65.88       65.86       65.84       65.82       65.79       65.76       65.74       65.70       65.67       65.64    
        65.60       65.56       65.52       65.48       65.44       65.39       65.35       65.30       65.25       65.19    
        65.14       65.09       65.03       64.97       64.91       64.85       64.78       64.72       64.65       64.58    
        64.51       64.43       64.36       64.28       64.21       64.13       64.05       63.97       63.88       63.80    
        63.71       63.62       63.53       63.44       63.35       63.26       63.16       63.06       62.97       62.87    
        62.77       62.67       62.57       62.46       62.36       62.25       62.15       62.04       61.93       61.82    
        61.71       61.60       61.49       61.38       61.27       61.16       61.05       60.94       60.83       60.72    
        60.60       60.49       60.38       60.27       60.17       60.06       59.95       59.85       59.75       59.65    
        59.55       59.46       59.37       59.29       59.21       59.14       59.08       59.03       59.00       58.98    
  92    65.98       65.98       65.98       65.97       65.96       65.96       65.94       65.93       65.92       65.90    
        65.88       65.86       65.84       65.82       65.79       65.76       65.74       65.70       65.67       65.64    
        65.60       65.56       65.52       65.48       65.44       65.39       65.35       65.30       65.25       65.20    
        65.14       65.09       65.03       64.97       64.91       64.85       64.78       64.72       64.65       64.58    
        64.51       64.44       64.36       64.29       64.21       64.13       64.05       63.97       63.89       63.80    
        63.71       63.63       63.54       63.45       63.35       63.26       63.17       63.07       62.97       62.87    
        62.78       62.67       62.57       62.47       62.37       62.26       62.16       62.05       61.94       61.83    
        61.72       61.62       61.51       61.40       61.28       61.17       61.06       60.95       60.84       60.73    
        60.62       60.51       60.40       60.29       60.18       60.07       59.97       59.87       59.76       59.66    
        59.57       59.48       59.39       59.30       59.23       59.16       59.10       59.05       59.01       58.99    
  93    65.98       65.98       65.98       65.97       65.96       65.96       65.94       65.93       65.92       65.90    
        65.88       65.86       65.84       65.82       65.79       65.77       65.74       65.71       65.67       65.64    
        65.60       65.56       65.52       65.48       65.44       65.39       65.35       65.30       65.25       65.20    
        65.14       65.09       65.03       64.97       64.91       64.85       64.78       64.72       64.65       64.58    
        64.51       64.44       64.37       64.29       64.21       64.13       64.05       63.97       63.89       63.80    
        63.72       63.63       63.54       63.45       63.36       63.27       63.17       63.08       62.98       62.88    
        62.78       62.68       62.58       62.48       62.37       62.27       62.16       62.06       61.95       61.84    
        61.73       61.63       61.52       61.41       61.30       61.18       61.07       60.96       60.85       60.74    
        60.63       60.52       60.41       60.30       60.20       60.09       59.98       59.88       59.78       59.68    
        59.58       59.49       59.40       59.32       59.24       59.17       59.11       59.06       59.02       59.00    
  94    65.98       65.98       65.98       65.97       65.97       65.96       65.95       65.93       65.92       65.90    
        65.88       65.86       65.84       65.82       65.79       65.77       65.74       65.71       65.67       65.64    
        65.60       65.56       65.53       65.48       65.44       65.40       65.35       65.30       65.25       65.20    
        65.14       65.09       65.03       64.97       64.91       64.85       64.79       64.72       64.65       64.58    
        64.51       64.44       64.37       64.29       64.21       64.14       64.06       63.97       63.89       63.81    
        63.72       63.63       63.54       63.45       63.36       63.27       63.18       63.08       62.98       62.89    
        62.79       62.69       62.58       62.48       62.38       62.28       62.17       62.06       61.96       61.85    
        61.74       61.63       61.52       61.42       61.31       61.19       61.08       60.97       60.86       60.75    
        60.64       60.53       60.42       60.31       60.21       60.10       59.99       59.89       59.79       59.69    
        59.59       59.50       59.41       59.33       59.25       59.18       59.12       59.07       59.03       59.01    
  95    65.98       65.98       65.98       65.97       65.97       65.96       65.95       65.93       65.92       65.90    
        65.88       65.86       65.84       65.82       65.79       65.77       65.74       65.71       65.67       65.64    
        65.60       65.57       65.53       65.48       65.44       65.40       65.35       65.30       65.25       65.20    
        65.14       65.09       65.03       64.97       64.91       64.85       64.79       64.72       64.65       64.59    
        64.51       64.44       64.37       64.29       64.22       64.14       64.06       63.98       63.89       63.81    
        63.72       63.64       63.55       63.46       63.37       63.27       63.18       63.08       62.99       62.89    
        62.79       62.69       62.59       62.49       62.38       62.28       62.18       62.07       61.96       61.86    
        61.75       61.64       61.53       61.42       61.31       61.20       61.09       60.98       60.87       60.76    
        60.65       60.54       60.43       60.32       60.22       60.11       60.00       59.90       59.80       59.70    
        59.60       59.51       59.42       59.34       59.26       59.19       59.13       59.08       59.04       59.02    
  96    65.98       65.98       65.98       65.97       65.97       65.96       65.95       65.93       65.92       65.90    
        65.88       65.86       65.84       65.82       65.79       65.77       65.74       65.71       65.67       65.64    
        65.60       65.57       65.53       65.48       65.44       65.40       65.35       65.30       65.25       65.20    
        65.15       65.09       65.03       64.97       64.91       64.85       64.79       64.72       64.66       64.59    
        64.52       64.44       64.37       64.29       64.22       64.14       64.06       63.98       63.90       63.81    
        63.73       63.64       63.55       63.46       63.37       63.28       63.18       63.09       62.99       62.89    
        62.79       62.69       62.59       62.49       62.39       62.29       62.18       62.08       61.97       61.86    
        61.76       61.65       61.54       61.43       61.32       61.21       61.10       60.99       60.88       60.77    
        60.66       60.55       60.44       60.33       60.23       60.12       60.01       59.91       59.81       59.71    
        59.61       59.52       59.43       59.34       59.27       59.19       59.13       59.08       59.05       59.03    
  97    65.98       65.98       65.98       65.97       65.97       65.96       65.95       65.93       65.92       65.90    
        65.88       65.86       65.84       65.82       65.79       65.77       65.74       65.71       65.67       65.64    
        65.60       65.57       65.53       65.48       65.44       65.40       65.35       65.30       65.25       65.20    
        65.15       65.09       65.03       64.97       64.91       64.85       64.79       64.72       64.66       64.59    
        64.52       64.44       64.37       64.30       64.22       64.14       64.06       63.98       63.90       63.81    
        63.73       63.64       63.55       63.46       63.37       63.28       63.18       63.09       62.99       62.90    
        62.80       62.70       62.60       62.50       62.39       62.29       62.19       62.08       61.97       61.87    
        61.76       61.65       61.54       61.43       61.33       61.22       61.11       61.00       60.89       60.78    
        60.67       60.56       60.45       60.34       60.23       60.12       60.02       59.92       59.81       59.71    
        59.62       59.52       59.43       59.35       59.27       59.20       59.14       59.09       59.05       59.03    
  98    65.98       65.98       65.98       65.97       65.97       65.96       65.95       65.93       65.92       65.90    
        65.88       65.86       65.84       65.82       65.79       65.77       65.74       65.71       65.67       65.64    
        65.60       65.57       65.53       65.49       65.44       65.40       65.35       65.30       65.25       65.20    
        65.15       65.09       65.03       64.98       64.91       64.85       64.79       64.72       64.66       64.59    
        64.52       64.45       64.37       64.30       64.22       64.14       64.06       63.98       63.90       63.81    
        63.73       63.64       63.55       63.46       63.37       63.28       63.19       63.09       63.00       62.90    
        62.80       62.70       62.60       62.50       62.40       62.29       62.19       62.08       61.98       61.87    
        61.76       61.66       61.55       61.44       61.33       61.22       61.11       61.00       60.89       60.78    
        60.67       60.56       60.45       60.34       60.24       60.13       60.02       59.92       59.82       59.72    
        59.62       59.53       59.44       59.35       59.28       59.20       59.14       59.09       59.06       59.04    
  99    65.98       65.98       65.98       65.97       65.97       65.96       65.95       65.93       65.92       65.90    
        65.88       65.86       65.84       65.82       65.79       65.77       65.74       65.71       65.67       65.64    
        65.60       65.57       65.53       65.49       65.44       65.40       65.35       65.30       65.25       65.20    
        65.15       65.09       65.03       64.98       64.92       64.85       64.79       64.72       64.66       64.59    
        64.52       64.45       64.37       64.30       64.22       64.14       64.06       63.98       63.90       63.82    
        63.73       63.64       63.55       63.46       63.37       63.28       63.19       63.09       63.00       62.90    
        62.80       62.70       62.60       62.50       62.40       62.29       62.19       62.09       61.98       61.87    
        61.77       61.66       61.55       61.44       61.33       61.22       61.11       61.00       60.89       60.78    
        60.67       60.56       60.46       60.35       60.24       60.13       60.03       59.92       59.82       59.72    
        59.62       59.53       59.44       59.36       59.28       59.21       59.15       59.10       59.06       59.04    
 100    65.98       65.98       65.98       65.97       65.97       65.96       65.95       65.93       65.92       65.90    
        65.88       65.86       65.84       65.82       65.79       65.77       65.74       65.71       65.67       65.64    
        65.60       65.57       65.53       65.49       65.44       65.40       65.35       65.30       65.25       65.20    
        65.15       65.09       65.03       64.98       64.92       64.85       64.79       64.72       64.66       64.59    
        64.52       64.45       64.37       64.30       64.22       64.14       64.06       63.98       63.90       63.82    
        63.73       63.64       63.55       63.47       63.37       63.28       63.19       63.09       63.00       62.90    
        62.80       62.70       62.60       62.50       62.40       62.30       62.19       62.09       61.98       61.87    
        61.77       61.66       61.55       61.44       61.33       61.22       61.11       61.00       60.90       60.79    
        60.68       60.57       60.46       60.35       60.24       60.13       60.03       59.92       59.82       59.72    
        59.63       59.53       59.44       59.36       59.28       59.21       59.15       59.10       59.06       59.04    

 HEAD WILL BE SAVED ON UNIT 1018 AT END OF TIME STEP    1, STRESS PERIOD    1


  VOLUME BUDGET FOR ENTIRE MODEL AT END OF TIME STEP    1, STRESS PERIOD   1
  ---------------------------------------------------------------------------------------------------

     CUMULATIVE VOLUME      L**3       RATES FOR THIS TIME STEP      L**3/T          PACKAGE NAME    
     ------------------                 ------------------------                     ----------------

           IN:                                      IN:
           ---                                      ---
                 WEL =           0.0000                   WEL =           0.0000     WEL_0                            
                RCHA =       12375.0000                  RCHA =       12375.0000     RCH                              
                 CHD =         957.4198                   CHD =         957.4198     CHD_0                            

            TOTAL IN =       13332.4198              TOTAL IN =       13332.4198

          OUT:                                     OUT:
          ----                                     ----
                 WEL =        9000.0000                   WEL =        9000.0000     WEL_0                            
                RCHA =           0.0000                  RCHA =           0.0000     RCH                              
                 CHD =        4332.3656                   CHD =        4332.3656     CHD_0                            

           TOTAL OUT =       13332.3656             TOTAL OUT =       13332.3656

            IN - OUT =       5.4195E-02              IN - OUT =       5.4195E-02

 PERCENT DISCREPANCY =           0.00     PERCENT DISCREPANCY =           0.00




         TIME SUMMARY AT END OF TIME STEP    1 IN STRESS PERIOD    1
                    SECONDS     MINUTES      HOURS       DAYS        YEARS
                    -----------------------------------------------------------
   TIME STEP LENGTH  86400.      1440.0      24.000      1.0000     2.73785E-03
 STRESS PERIOD TIME  86400.      1440.0      24.000      1.0000     2.73785E-03
         TOTAL TIME  86400.      1440.0      24.000      1.0000     2.73785E-03


end timestep

